,PAR,demand_reduction,cost_reduction,inconvenient,total_demand,max_demand,cost,run_time,objective
0,2.03,0.0,0.0,0,640655.0,27035.0,9770110.7,,9770112.729999999
1,1.52,0.25,0.08,0,640655.0,20227.65,9020335.83,,9020337.35
2,1.51,0.25,0.08,0,640655.0,20148.18,9011044.96,,9011046.47
3,1.97,0.03,0.04,0,640655.0,26314.1,9384530.55,,9384532.520000001
4,1.66,0.18,0.07,0,640655.0,22174.08,9048209.4,,9048211.06
5,1.68,0.17,0.07,0,640655.0,22465.52,9056313.77,,9056315.45
