,no_households,penalty_weight,no_dependent_tasks,algorithm,repeat,init_PAR,PAR,init_max_demand,max_demand,total_demand,demand_reduction,cost_reduction,pricing_time,rescheduling_time
0,50,1,3,minizinc_fw,0,2.35,1.37,55375.0,32169.83,1129323.0,0.42,0.08,0.00566470588235294,125.87294117647058
1,50,1,3,ogsa_fw,0,2.35,1.22,55375.0,28752.48,1129323.0,0.48,0.08,0.005728571428571428,0.028464285714285716
2,100,1,3,minizinc_fw,0,1.86,1.87,80658.0,80696.87,2076396.0,-0.0,0.0,0.0005333333333333333,194.0233333333333
3,100,1,3,ogsa_fw,0,1.86,1.05,80658.0,45234.32,2076396.0,0.44,0.08,0.005557575757575758,0.06170909090909091
