,PAR,demand_reduction,cost_reduction,inconvenient,total_demand,max_demand,cost,run_time,objective
0,3.54,0.0,0.0,0,388940,28644,5913919.2,,5913922.74
1,2.51,0.29,0.08,0,388940,20344,5454929.6,,5454932.109999999
2,2.37,0.33,0.08,0,388940,19217,5451966.8,,5451969.17
3,2.52,0.29,0.08,0,388940,20444,5455264.8,,5455267.319999999
4,2.98,0.16,0.07,0,388940,24144,5493668.8,,5493671.78
5,2.98,0.16,0.07,0,388940,24144,5493668.8,,5493671.78
