,no_households,penalty_weight,no_dependent_tasks,algorithm,repeat,init_PAR,PAR,init_max_demand,max_demand,total_demand,demand_reduction,cost_reduction,pricing_time,rescheduling_time
0,100,1,0,minizinc_fw,0,1.5,1.11,94168.0,69600.01,3009361.0,0.26,0.12,0.006636842105263157,61.6436842105263
1,100,1,0,ogsa_fw,0,1.5,1.07,94168.0,66934.7,3009361.0,0.29,0.12,0.0035266666666666684,0.17993666666666666
2,100,1,3,minizinc_fw,0,1.5,1.07,94168.0,67137.24,3009361.0,0.29,0.12,0.003999999999999998,64.70933333333333
3,100,1,3,ogsa_fw,0,1.5,1.07,94168.0,67342.26,3009361.0,0.28,0.12,0.0041958333333333335,0.17617916666666666
4,100,1,6,minizinc_fw,0,1.5,1.12,94168.0,70300.3,3009361.0,0.25,0.12,0.005959999999999999,59.46199999999999
5,100,1,6,ogsa_fw,0,1.5,1.07,94168.0,67192.39,3009361.0,0.29,0.12,0.004326086956521737,0.17525217391304346
