,PAR,demand_reduction,cost_reduction,inconvenient,total_demand,max_demand,cost,run_time,objective
0,7.43,0.0,0.0,0.0,116335.0,18000.0,1921142.6,0.0,1921142.6
1,5.68,0.24,0.15,22.59,116335.0,13759.85,1637254.8,0.0044,1637277.3900000001
2,5.68,0.24,0.15,22.59,116335.0,13759.85,1637254.8,0.0004,1637277.3900000001
