,PAR,demand_reduction,cost_reduction,inconvenient,total_demand,max_demand,cost,run_time,objective
0,1.7,0.0,0.0,0,642434.0,22712.0,10355492.8,,10355494.5
1,1.62,0.05,0.09,0,642434.0,21635.27,9380546.62,,9380548.239999998
2,1.44,0.15,0.12,0,642434.0,19225.49,9150919.98,,9150921.42
3,1.53,0.1,0.11,0,642434.0,20464.17,9258725.62,,9258727.149999999
4,1.53,0.1,0.11,0,642434.0,20470.38,9195568.33,,9195569.86
5,1.53,0.1,0.11,0,642434.0,20419.72,9213432.15,,9213433.68
