,PAR,demand_reduction,cost_reduction,inconvenient,total_demand,max_demand,cost,run_time,objective
0,1.81,0.0,0.0,0,688424.0,26005.0,10844271.8,,10844273.610000001
1,1.59,0.12,0.09,0,688424.0,22837.08,9841632.99,,9841634.58
2,1.61,0.11,0.09,0,688424.0,23144.56,9900852.77,,9900854.379999999
3,1.61,0.11,0.1,0,688424.0,23154.83,9784526.22,,9784527.83
4,1.58,0.13,0.09,0,688424.0,22664.1,9818960.41,,9818961.99
5,1.67,0.08,0.09,0,688424.0,23934.47,9849187.71,,9849189.38
