,PAR,demand_reduction,cost_reduction,inconvenient,total_demand,max_demand,cost,run_time,objective
0,8.24,0.0,0.0,0.0,67534.0,11600.0,1130406.0,0.0,1130414.24
1,4.27,0.48,0.16,26.03,67534.0,6008.8,945476.88,0.1051,945507.18
2,4.27,0.48,0.16,26.04,67534.0,6002.79,945476.28,0.0008,945506.5900000001
3,4.27,0.48,0.16,26.04,67534.0,6002.79,945476.28,0.0005,945506.5900000001
