,PAR,demand_reduction,cost_reduction,inconvenient,total_demand,max_demand,cost,run_time,objective
0,5.2,0.0,0.0,0.0,22617.0,2452.0,392506.8,0.0,392512.0
1,3.11,0.4,0.19,906.78,22617.0,1463.81,316762.67,0.0067,317672.56
2,2.81,0.46,0.19,906.03,22617.0,1322.84,316644.27,0.0039,317553.11000000004
3,2.97,0.43,0.19,833.55,22617.0,1399.99,316692.06,0.0027,317528.57999999996
4,2.97,0.43,0.19,833.55,22617.0,1399.99,316692.06,0.0006,317528.57999999996
