,PAR,demand_reduction,cost_reduction,inconvenient,total_demand,max_demand,cost,run_time,objective
0,8.59,0.0,0.0,0.0,76545.0,13700.0,1288511.1,0.0,1288519.6900000002
1,4.56,0.47,0.17,961.63,76545.0,7273.51,1071664.7,0.016,1072630.89
2,2.9,0.66,0.17,652.94,76545.0,4628.19,1071630.0,0.0169,1072285.8399999999
3,3.16,0.63,0.17,0.0,76545.0,5035.21,1071630.0,0.0026,1071633.16
4,3.16,0.63,0.17,0.0,76545.0,5035.21,1071630.0,0.0006,1071633.16
