,PAR,demand_reduction,cost_reduction,inconvenient,total_demand,max_demand,cost,run_time,objective
0,1.74,0.0,0.0,0,613008.0,22175.0,10010144.3,,10010146.040000001
1,1.43,0.17,0.14,0,613008.0,18301.36,8656123.76,,8656125.19
2,1.51,0.13,0.13,0,613008.0,19299.58,8750420.39,,8750421.9
3,1.44,0.17,0.13,0,613008.0,18394.64,8677883.19,,8677884.629999999
4,1.55,0.11,0.13,0,613008.0,19746.95,8723678.72,,8723680.270000001
5,1.47,0.15,0.13,0,613008.0,18739.49,8682925.44,,8682926.91
