,PAR,demand_reduction,cost_reduction,inconvenient,total_demand,max_demand,cost,run_time,objective
0,2.0,0.0,0.0,0,681669,28459,10609571.4,,10609573.4
1,2.08,-0.04,-0.38,0,681669,29595,14674130.2,,14674132.28
2,2.28,-0.14,-0.83,0,681669,32376,19436220.1,,19436222.380000003
3,2.16,-0.08,-0.44,0,681669,30705,15244357.0,,15244359.16
4,2.03,-0.02,-0.04,0,681669,28889,11041231.7,,11041233.729999999
5,1.96,0.02,0.04,0,681669,27805,10223531.5,,10223533.46
