,PAR,demand_reduction,cost_reduction,inconvenient,total_demand,max_demand,cost,run_time,objective
0,3.54,0.0,0.0,0,388940.0,28644.0,5913919.2,,5913922.74
1,3.05,0.14,0.07,0,388940.0,24705.25,5506266.94,,5506269.99
2,3.27,0.07,0.05,0,388940.0,26534.17,5606633.95,,5606637.22
3,2.74,0.22,0.08,0,388940.0,22206.92,5463696.53,,5463699.2700000005
4,2.94,0.17,0.07,0,388940.0,23851.67,5485424.83,,5485427.7700000005
5,2.55,0.28,0.08,0,388940.0,20664.46,5456274.17,,5456276.72
