,PAR,demand_reduction,cost_reduction,inconvenient,total_demand,max_demand,cost,run_time,objective
0,2.0,0.0,0.0,0,681669.0,28459.0,10609571.4,,10609573.4
1,1.78,0.11,0.08,0,681669.0,25275.61,9737718.27,,9737720.049999999
2,1.64,0.18,0.09,0,681669.0,23289.69,9670579.98,,9670581.620000001
3,1.63,0.19,0.09,0,681669.0,23185.28,9653934.4,,9653936.030000001
4,1.6,0.2,0.09,0,681669.0,22750.7,9631175.44,,9631177.04
5,1.64,0.18,0.09,0,681669.0,23278.0,9669808.64,,9669810.280000001
