,PAR,demand_reduction,cost_reduction,inconvenient,total_demand,max_demand,cost,run_time,objective
0,2.03,0.0,0.0,0,640655.0,27035.0,9770110.7,,9770112.729999999
1,1.84,0.09,0.06,0,640655.0,24520.08,9216216.02,,9216217.86
2,1.63,0.2,0.07,0,640655.0,21754.23,9075204.1,,9075205.73
3,1.71,0.16,0.07,0,640655.0,22826.2,9116797.91,,9116799.620000001
4,1.57,0.22,0.07,0,640655.0,20990.97,9048811.1,,9048812.67
5,1.68,0.17,0.07,0,640655.0,22411.52,9051198.73,,9051200.41
