,PAR,demand_reduction,cost_reduction,inconvenient,total_demand,max_demand,cost,run_time,objective
0,17.02,0.0,0.0,0.0,9870.0,3500.0,186380.0,0.0,186397.02
1,14.1,0.17,0.24,1.71,9870.0,2899.99,141961.58,0.0009,141977.38999999998
2,8.77,0.48,0.26,7.11,9870.0,1803.68,138180.37,0.0296,138196.24999999997
3,8.72,0.49,0.26,6.52,9870.0,1793.51,138180.0,0.0212,138195.24
4,8.43,0.5,0.26,5.87,9870.0,1734.16,138180.0,0.0007,138194.3
5,8.43,0.5,0.26,5.87,9870.0,1734.16,138180.0,0.0006,138194.3
