,PAR,demand_reduction,cost_reduction,inconvenient,total_demand,max_demand,cost,run_time,objective
0,3.31,0.0,0.0,0,58956,4062,918153.0,,918156.31
1,3.92,-0.19,-1.95,0,58956,4819,2709504.7,,2709508.62
2,3.41,-0.03,-0.3,0,58956,4193,1196400.9,,1196404.3099999998
3,3.94,-0.19,-3.76,0,58956,4843,4368723.0,,4368726.94
4,3.76,-0.14,-2.55,0,58956,4613,3261116.5,,3261120.26
5,5.06,-0.53,-6.45,0,58956,6220,6836597.1,,6836602.159999999
