,PAR,demand_reduction,cost_reduction,inconvenient,total_demand,max_demand,cost,run_time,objective
0,1.54,0.0,0.0,0.0,3246885.0,104060.0,50710168.0,0.0,50710168.0
1,1.48,0.04,0.04,4456.94,3246885.0,100377.4,48695262.77,0.0589,48699719.71
2,1.42,0.08,0.06,7121.76,3246885.0,96070.58,47519147.32,0.0499,47526269.08
3,1.38,0.1,0.07,10097.0,3246885.0,93651.42,47045507.71,0.0214,47055604.71
4,1.36,0.12,0.08,11820.66,3246885.0,91938.5,46862645.76,0.0281,46874466.419999994
5,1.36,0.12,0.08,11820.66,3246885.0,91938.5,46862645.76,0.0162,46874466.419999994
