,PAR,demand_reduction,cost_reduction,inconvenient,total_demand,max_demand,cost,run_time,objective
0,2.0,0.0,0.0,0,681669.0,28459.0,10609571.4,,10609573.4
1,1.67,0.17,0.09,0,681669.0,23707.25,9667138.75,,9667140.42
2,1.89,0.06,0.07,0,681669.0,26846.48,9828638.72,,9828640.610000001
3,2.4,-0.2,-1.16,0,681669.0,34099.32,22898005.41,,22898007.81
4,2.12,-0.06,-0.3,0,681669.0,30095.97,13761510.74,,13761512.86
5,1.97,0.02,0.06,0,681669.0,27944.37,9976547.23,,9976549.200000001
