,PAR,demand_reduction,cost_reduction,inconvenient,total_demand,max_demand,cost,run_time,objective
0,6.97,0.0,0.0,0.0,41446.0,6020.0,673427.5,0.0,673434.47
1,4.02,0.42,0.14,698.11,41446.0,3472.95,580343.04,0.0619,581045.17
2,4.28,0.39,0.14,392.55,41446.0,3699.24,580453.54,0.0674,580850.3700000001
3,3.56,0.49,0.14,268.3,41446.0,3073.42,580244.0,0.0028,580515.8600000001
4,3.56,0.49,0.14,268.3,41446.0,3073.42,580244.0,0.0008,580515.8600000001
