,PAR,demand_reduction,cost_reduction,inconvenient,total_demand,max_demand,cost,run_time,objective
0,1.16,0.0,0.0,0.0,163055109.0,3941842.0,3163825264.5,0.0,3163825264.5
1,1.14,0.01,0.04,194793.4,163055109.0,3887013.49,3038862186.88,0.027,3039056980.28
2,1.13,0.02,0.06,328733.48,163055109.0,3844469.49,2959631735.51,0.0221,2959960468.9900002
3,1.12,0.04,0.09,479658.45,163055109.0,3802391.13,2890501972.08,0.0259,2890981630.5299997
4,1.11,0.04,0.1,564550.41,163055109.0,3768306.18,2850197347.17,0.0222,2850761897.58
5,1.11,0.05,0.1,597050.67,163055109.0,3757012.57,2842190459.2,0.0196,2842787509.87
6,1.12,0.03,0.1,647011.7,163055109.0,3806155.02,2835214997.05,0.0189,2835862008.75
7,1.12,0.03,0.1,647011.7,163055109.0,3806155.02,2835214997.05,0.0143,2835862008.75
