,PAR,demand_reduction,cost_reduction,inconvenient,total_demand,max_demand,cost,run_time,objective
0,1.69,0.0,0.0,0,3309280.0,116403.0,49256079.7,,49256081.39
1,1.32,0.22,0.05,0,3309280.0,90997.96,46893516.33,,46893517.65
2,1.34,0.21,0.05,0,3309280.0,92345.0,46751967.38,,46751968.720000006
3,1.43,0.15,0.05,0,3309280.0,98640.59,46859221.11,,46859222.54
4,1.29,0.24,0.05,0,3309280.0,88610.1,46775184.8,,46775186.089999996
5,1.39,0.18,0.05,0,3309280.0,95935.71,46873004.52,,46873005.910000004
