,PAR,demand_reduction,cost_reduction,inconvenient,total_demand,max_demand,cost,run_time,objective
0,1.97,0.0,0.0,0,609135,25026,10164971.4,,10164973.370000001
1,1.7,0.14,0.14,0,609135,21570,8737529.2,,8737530.899999999
2,2.04,-0.03,-0.05,0,609135,25850,10695506.9,,10695508.94
3,1.98,-0.0,0.09,0,609135,25071,9283788.9,,9283790.88
4,1.88,0.05,0.13,0,609135,23888,8891585.0,,8891586.88
5,1.93,0.02,0.13,0,609135,24439,8885373.4,,8885375.33
