,PAR,demand_reduction,cost_reduction,inconvenient,total_demand,max_demand,cost,run_time,objective
0,4.28,0.0,0.0,0,72259.0,6450.0,1113308.5,,1113312.78
1,2.68,0.37,0.09,0,72259.0,4035.0,1012421.29,,1012423.9700000001
2,2.79,0.35,0.09,0,72259.0,4207.09,1012600.78,,1012603.5700000001
3,4.28,0.0,0.0,0,72259.0,6450.0,1112529.54,,1112533.82
4,2.86,0.33,0.09,0,72259.0,4300.0,1012592.68,,1012595.54
5,4.28,0.0,0.0,0,72259.0,6450.0,1107969.04,,1107973.32
