,PAR,demand_reduction,cost_reduction,inconvenient,total_demand,max_demand,cost,run_time,objective
0,4.28,0.0,0.0,0.0,72259.0,6450.0,1113308.5,0.0,1113312.78
1,2.19,0.49,0.09,32.71,72259.0,3301.11,1011626.11,0.0173,1011661.0099999999
2,2.19,0.49,0.09,31.82,72259.0,3292.11,1011626.0,0.002,1011660.0099999999
3,2.19,0.49,0.09,31.82,72259.0,3292.11,1011626.0,0.0006,1011660.0099999999
