,PAR,demand_reduction,cost_reduction,inconvenient,total_demand,max_demand,cost,run_time,objective
0,1.84,0.0,0.0,0.0,3098163.0,118720.0,46392405.2,0.0,46392405.2
1,1.65,0.1,0.04,4012.76,3098163.0,106482.67,44359847.75,0.0567,44363860.51
2,1.57,0.15,0.05,6094.63,3098163.0,101267.75,44046986.1,0.0306,44053080.730000004
3,1.48,0.19,0.06,9298.98,3098163.0,95845.36,43812828.93,0.0334,43822127.91
4,1.45,0.21,0.06,11401.06,3098163.0,93419.37,43719241.1,0.023,43730642.160000004
5,1.46,0.21,0.06,13087.61,3098163.0,94228.22,43642061.41,0.024,43655149.019999996
6,1.45,0.21,0.06,14447.42,3098163.0,93432.89,43595735.33,0.0236,43610182.75
7,1.45,0.21,0.06,14820.98,3098163.0,93436.03,43588830.24,0.0109,43603651.22
8,1.45,0.21,0.06,14820.98,3098163.0,93436.03,43588830.24,0.0005,43603651.22
