,PAR,demand_reduction,cost_reduction,inconvenient,total_demand,max_demand,cost,run_time,objective
0,2.54,0.0,0.0,0,592765,31312,8833240.8,,8833243.34
1,1.83,0.28,0.06,0,592765,22640,8314402.5,,8314404.33
2,2.22,0.13,0.04,0,592765,27366,8437685.2,,8437687.42
3,2.11,0.17,0.05,0,592765,26016,8400464.4,,8400466.51
4,1.9,0.25,0.06,0,592765,23493,8327495.7,,8327497.600000001
5,2.38,0.06,0.04,0,592765,29367,8519141.9,,8519144.280000001
