,PAR,demand_reduction,cost_reduction,inconvenient,total_demand,max_demand,cost,run_time,objective
0,1.81,0.0,0.0,0,688424,26005,10844271.8,,10844273.610000001
1,1.98,-0.09,-0.46,0,688424,28465,15852345.8,,15852347.780000001
2,1.79,0.01,0.05,0,688424,25708,10345112.4,,10345114.19
3,2.42,-0.33,-1.77,0,688424,34661,30043930.1,,30043932.520000003
4,1.87,-0.03,-0.14,0,688424,26884,12328578.2,,12328580.069999998
5,2.23,-0.23,-1.85,0,688424,32005,30859095.1,,30859097.330000002
