,PAR,demand_reduction,cost_reduction,inconvenient,total_demand,max_demand,cost,run_time,objective
0,29.52,0.0,0.0,0.0,3577.0,2200.0,76298.0,0.0,76327.52
1,17.71,0.4,0.34,80.0,3577.0,1320.0,50120.0,0.0018,50217.71
2,16.37,0.45,0.34,89.1,3577.0,1219.95,50083.98,0.0014,50189.450000000004
3,16.37,0.45,0.34,89.1,3577.0,1219.95,50083.98,0.0006,50189.450000000004
