,PAR,demand_reduction,cost_reduction,inconvenient,total_demand,max_demand,cost,run_time,objective
0,2.77,0.0,0.0,0.0,310183.0,17904.0,4985241.2,0.0,4985243.97
1,2.09,0.25,0.13,131.83,310183.0,13481.43,4360421.68,0.0116,4360555.6
2,1.87,0.32,0.13,173.03,310183.0,12103.96,4349131.91,0.0054,4349306.8100000005
3,1.75,0.37,0.13,206.5,310183.0,11327.86,4345958.59,0.0046,4346166.84
4,1.63,0.41,0.13,230.64,310183.0,10547.63,4344344.98,0.0069,4344577.25
5,1.56,0.44,0.13,244.97,310183.0,10112.59,4343499.55,0.0062,4343746.079999999
6,1.56,0.44,0.13,259.77,310183.0,10080.02,4343165.19,0.006,4343426.52
7,1.53,0.45,0.13,274.44,310183.0,9908.54,4342931.14,0.0024,4343207.11
8,1.53,0.45,0.13,274.44,310183.0,9908.54,4342931.14,0.0007,4343207.11
