,PAR,demand_reduction,cost_reduction,inconvenient,total_demand,max_demand,cost,run_time,objective
0,8.24,0.0,0.0,0,67534,11600,1130406.0,,1130414.24
1,4.41,0.47,0.16,0,67534,6200,945506.8,,945511.2100000001
2,5.9,0.28,0.16,0,67534,8300,948433.5,,948439.4
3,8.67,-0.05,-1.21,0,67534,12200,2501804.3,,2501812.9699999997
4,8.67,-0.05,-1.22,0,67534,12200,2504263.5,,2504272.17
5,5.17,0.37,0.16,0,67534,7275,946026.0,,946031.17
