,PAR,demand_reduction,cost_reduction,inconvenient,total_demand,max_demand,cost,run_time,objective
0,2.36,0.0,0.0,0,717690,35326,10701341.2,,10701343.559999999
1,2.11,0.11,0.05,0,717690,31590,10197890.2,,10197892.309999999
2,2.26,0.04,0.01,0,717690,33832,10543003.4,,10543005.66
3,1.83,0.22,0.06,0,717690,27411,10104928.3,,10104930.13
4,2.26,0.04,0.03,0,717690,33821,10391787.8,,10391790.06
5,2.56,-0.08,-0.64,0,717690,38325,17561344.9,,17561347.459999997
