,PAR,demand_reduction,cost_reduction,inconvenient,total_demand,max_demand,cost,run_time,objective
0,1.7,0.0,0.0,0,642434,22712,10355492.8,,10355494.5
1,1.74,-0.03,-0.2,0,642434,23287,12434385.5,,12434387.24
2,1.75,-0.03,-0.08,0,642434,23405,11230787.6,,11230789.35
3,2.11,-0.25,-2.05,0,642434,28291,31621779.2,,31621781.31
4,1.89,-0.11,-0.54,0,642434,25280,15916664.9,,15916666.790000001
5,1.54,0.09,0.1,0,642434,20626,9322154.2,,9322155.739999998
