,PAR,demand_reduction,cost_reduction,inconvenient,total_demand,max_demand,cost,run_time,objective
0,3.19,0.0,0.0,0.0,1367905.0,91028.0,20657327.2,0.0,20657327.2
1,2.12,0.34,0.07,3359.97,1367905.0,60364.93,19167882.56,0.0128,19171242.529999997
2,1.72,0.46,0.07,4263.56,1367905.0,49110.74,19151174.11,0.0059,19155437.669999998
3,1.66,0.48,0.07,4247.34,1367905.0,47400.01,19150788.37,0.0018,19155035.71
4,1.65,0.48,0.07,4239.3,1367905.0,47091.12,19150729.11,0.001,19154968.41
5,1.65,0.48,0.07,4239.3,1367905.0,47091.12,19150729.11,0.0006,19154968.41
