,PAR,demand_reduction,cost_reduction,inconvenient,total_demand,max_demand,cost,run_time,objective
0,2.26,0.0,0.0,0,330162,15554,5085948.4,,5085950.66
1,1.99,0.12,0.07,0,330162,13686,4739366.9,,4739368.890000001
2,2.12,0.06,0.06,0,330162,14588,4798184.1,,4798186.22
3,2.91,-0.29,-1.95,0,330162,19990,15007122.1,,15007125.01
4,2.03,0.1,0.07,0,330162,13975,4754158.8,,4754160.83
5,2.54,-0.12,-1.59,0,330162,17440,13157826.2,,13157828.739999998
