,PAR,demand_reduction,cost_reduction,inconvenient,total_demand,max_demand,cost,run_time,objective
0,1.2,0.0,0.0,0.0,64615814.0,1617016.0,1162512321.7,0.0,1162512321.7
1,1.18,0.02,0.04,91414.02,64615814.0,1586567.65,1117355175.49,0.0291,1117446589.51
2,1.16,0.03,0.06,129676.11,64615814.0,1566065.57,1091934237.32,0.0235,1092063913.4299998
3,1.16,0.04,0.07,160583.42,64615814.0,1555135.94,1080258547.93,0.0186,1080419131.3500001
4,1.15,0.04,0.08,188856.22,64615814.0,1545828.42,1074062743.1,0.02,1074251599.32
5,1.13,0.06,0.09,221958.75,64615814.0,1527380.16,1062417521.45,0.0242,1062639480.2
6,1.13,0.06,0.09,242566.33,64615814.0,1519758.52,1057953185.08,0.0169,1058195751.4100001
7,1.12,0.06,0.09,267288.28,64615814.0,1512174.91,1054643212.81,0.0175,1054910501.0899999
8,1.12,0.06,0.09,267288.28,64615814.0,1512174.91,1054643212.81,0.0138,1054910501.0899999
