,PAR,demand_reduction,cost_reduction,inconvenient,total_demand,max_demand,cost,run_time,objective
0,8.59,0.0,0.0,0,76545.0,13700.0,1288511.1,,1288519.6900000002
1,4.83,0.44,0.17,0,76545.0,7700.0,1071780.0,,1071784.83
2,5.09,0.41,0.17,0,76545.0,8119.51,1071971.7,,1071976.79
3,5.39,0.37,0.17,0,76545.0,8602.0,1072301.6,,1072306.99
4,4.81,0.44,0.17,0,76545.0,7663.51,1071769.05,,1071773.86
5,5.39,0.37,0.17,0,76545.0,8602.0,1072322.68,,1072328.0699999998
