,PAR,demand_reduction,cost_reduction,inconvenient,total_demand,max_demand,cost,run_time,objective
0,3.35,0.0,0.0,0,322844,22510,4948206.8,,4948210.149999999
1,3.19,0.05,0.05,0,322844,21435,4702356.8,,4702359.99
2,2.42,0.28,0.08,0,322844,16300,4530684.7,,4530687.12
3,2.13,0.36,0.09,0,322844,14320,4523627.7,,4523629.83
4,2.55,0.24,0.08,0,322844,17130,4531529.5,,4531532.05
5,2.16,0.35,0.09,0,322844,14523,4522805.9,,4522808.0600000005
