,PAR,demand_reduction,cost_reduction,inconvenient,total_demand,max_demand,cost,run_time,objective
0,3.54,0.0,0.0,0,388940,28644,5913919.2,,5913922.74
1,2.59,0.27,0.08,0,388940,21024,5462207.6,,5462210.1899999995
2,3.15,0.11,0.06,0,388940,25494,5535514.4,,5535517.550000001
3,2.45,0.31,0.08,0,388940,19829,5449630.0,,5449632.45
4,2.76,0.22,0.08,0,388940,22324,5463337.4,,5463340.16
5,2.77,0.22,0.08,0,388940,22464,5465562.6,,5465565.369999999
