,PAR,demand_reduction,cost_reduction,inconvenient,total_demand,max_demand,cost,run_time,objective
0,3.54,0.0,0.0,0.0,388940.0,28644.0,5913919.2,0.0,5913922.74
1,2.45,0.31,0.08,20328.0,388940.0,19821.65,5453718.32,0.0641,5474048.7700000005
2,2.1,0.41,0.08,22867.94,388940.0,17033.2,5446593.51,0.0447,5469463.55
3,2.08,0.41,0.08,21198.58,388940.0,16852.51,5446527.72,0.0144,5467728.38
4,2.07,0.41,0.08,20774.61,388940.0,16811.85,5446520.32,0.0044,5467297.000000001
5,2.07,0.41,0.08,20774.61,388940.0,16811.85,5446520.32,0.0006,5467297.000000001
