,PAR,demand_reduction,cost_reduction,inconvenient,total_demand,max_demand,cost,run_time,objective
0,1.16,0.0,0.0,0.0,163055109.0,3941842.0,3163825264.5,0.0,3163825264.5
1,1.14,0.02,0.04,225389.71,163055109.0,3879243.35,3022918326.8,0.0268,3023143716.51
2,1.13,0.03,0.07,395367.8,163055109.0,3825285.54,2930421921.05,0.0253,2930817288.8500004
3,1.11,0.05,0.1,577846.06,163055109.0,3760773.34,2847555607.57,0.0291,2848133453.63
4,1.1,0.05,0.1,626547.43,163055109.0,3742007.04,2834415455.72,0.0183,2835042003.1499996
5,1.1,0.05,0.1,626547.43,163055109.0,3742007.04,2834415455.72,0.014,2835042003.1499996
