,no_households,penalty_weight,no_dependent_tasks,algorithm,repeat,init_PAR,PAR,init_max_demand,max_demand,total_demand,demand_reduction,cost_reduction,pricing_time,rescheduling_time
0,50,10,3,minizinc_fw,0,2.1,1.12,69867.0,37208.8,1598751.0,0.47,0.08,0.0033,13.257000000000003
1,50,10,3,ogsa_fw,0,2.1,1.12,69867.0,37227.21,1598751.0,0.47,0.08,0.003662962962962963,0.05265555555555556
2,500,10,3,minizinc_fw,0,1.42,1.14,465335.0,373355.94,15744123.0,0.2,0.06,0.004288888888888889,121.67055555555557
3,500,10,3,ogsa_fw,0,1.42,1.1,465335.0,360568.66,15744123.0,0.23,0.06,0.003930434782608696,0.5997826086956524
