,PAR,demand_reduction,cost_reduction,inconvenient,total_demand,max_demand,cost,run_time,objective
0,3.35,0.0,0.0,0,322844.0,22510.0,4948206.8,,4948210.149999999
1,2.06,0.38,0.09,0,322844.0,13858.52,4521749.8,,4521751.859999999
2,1.99,0.41,0.09,0,322844.0,13387.82,4521565.42,,4521567.41
3,1.97,0.41,0.09,0,322844.0,13253.44,4521535.01,,4521536.9799999995
4,2.38,0.29,0.08,0,322844.0,15993.24,4527816.32,,4527818.7
5,2.05,0.39,0.09,0,322844.0,13767.94,4522241.96,,4522244.01
