,PAR,demand_reduction,cost_reduction,inconvenient,total_demand,max_demand,cost,run_time,objective
0,1.7,0.0,0.0,0,642434.0,22712.0,10355492.8,,10355494.5
1,1.72,-0.01,0.02,0,642434.0,23018.23,10169732.38,,10169734.100000001
2,1.74,-0.03,-0.04,0,642434.0,23352.5,10816579.48,,10816581.22
3,1.61,0.05,0.09,0,642434.0,21503.33,9397407.27,,9397408.879999999
4,1.76,-0.03,-0.13,0,642434.0,23505.79,11748685.47,,11748687.23
5,1.72,-0.01,0.02,0,642434.0,23023.73,10113661.48,,10113663.200000001
