,PAR,demand_reduction,cost_reduction,inconvenient,total_demand,max_demand,cost,run_time,objective
0,2.51,0.0,0.0,0.0,671492.0,35101.0,10430833.1,0.0,10430835.61
1,1.94,0.23,0.09,0.0,671492.0,27192.43,9445045.55,0.0159,9445047.49
2,1.62,0.35,0.1,0.0,671492.0,22640.82,9408100.24,0.0287,9408101.86
3,1.29,0.49,0.1,0.0,671492.0,18001.82,9400888.18,0.0087,9400889.469999999
4,1.29,0.49,0.1,0.0,671492.0,18001.82,9400888.18,0.0006,9400889.469999999
