,PAR,demand_reduction,cost_reduction,inconvenient,total_demand,max_demand,cost,run_time,objective
0,2.51,0.0,0.0,0,671492.0,35101.0,10430833.1,,10430835.61
1,1.93,0.23,0.1,0,671492.0,26978.0,9431471.37,,9431473.299999999
2,2.03,0.19,0.09,0,671492.0,28464.06,9444751.83,,9444753.86
3,1.77,0.29,0.1,0,671492.0,24746.53,9427965.06,,9427966.83
4,1.68,0.33,0.1,0,671492.0,23497.09,9411968.78,,9411970.459999999
5,1.84,0.27,0.1,0,671492.0,25673.12,9426759.71,,9426761.55
