,PAR,demand_reduction,cost_reduction,inconvenient,total_demand,max_demand,cost,run_time,objective
0,30.21,0.0,0.0,0.0,3337.0,2100.0,71638.0,0.0,71668.21
1,16.01,0.47,0.35,0.47,3337.0,1113.0,46720.6,0.012,46737.08
2,15.85,0.48,0.35,0.48,3337.0,1101.87,46718.37,0.0008,46734.700000000004
3,15.85,0.48,0.35,0.48,3337.0,1101.87,46718.37,0.0007,46734.700000000004
