,PAR,demand_reduction,cost_reduction,inconvenient,total_demand,max_demand,cost,run_time,objective
0,3.54,0.0,0.0,0,388940.0,28644.0,5913919.2,,5913922.74
1,2.87,0.19,0.07,0,388940.0,23240.91,5479475.68,,5479478.55
2,2.53,0.29,0.08,0,388940.0,20461.12,5456643.04,,5456645.57
3,2.93,0.17,0.07,0,388940.0,23767.85,5492034.89,,5492037.819999999
4,2.56,0.28,0.08,0,388940.0,20756.03,5456209.77,,5456212.329999999
5,2.93,0.17,0.07,0,388940.0,23762.86,5485179.5,,5485182.43
