,PAR,demand_reduction,cost_reduction,inconvenient,total_demand,max_demand,cost,run_time,objective
0,3.35,0.0,0.0,0,322844,22510,4948206.8,,4948210.149999999
1,2.16,0.35,0.09,0,322844,14538,4523818.7,,4523820.86
2,2.16,0.35,0.09,0,322844,14538,4523937.9,,4523940.0600000005
3,2.14,0.36,0.09,0,322844,14410,4523569.0,,4523571.14
4,2.27,0.32,0.09,0,322844,15278,4523684.9,,4523687.17
5,2.05,0.39,0.09,0,322844,13775,4522667.5,,4522669.55
