,PAR,demand_reduction,cost_reduction,inconvenient,total_demand,max_demand,cost,run_time,objective
0,1.67,0.0,0.0,0.0,3294641.0,114287.0,50132273.5,0.0,50132273.5
1,1.47,0.12,0.05,4295.83,3294641.0,101012.74,47631756.69,0.0897,47636052.519999996
2,1.39,0.16,0.06,8094.42,3294641.0,95464.79,47079334.39,0.041,47087428.81
3,1.37,0.18,0.06,8741.88,3294641.0,94189.97,47045059.7,0.0154,47053801.580000006
4,1.37,0.18,0.06,8768.71,3294641.0,94115.51,47044231.54,0.0015,47053000.25
5,1.37,0.18,0.06,8768.71,3294641.0,94115.51,47044231.54,0.0016,47053000.25
