,PAR,demand_reduction,cost_reduction,inconvenient,total_demand,max_demand,cost,run_time,objective
0,2.58,0.0,0.0,0.0,3192303.0,171430.0,47542702.3,0.0,47542702.3
1,1.78,0.31,0.06,1138.75,3192303.0,118437.82,44745810.85,0.0194,44746949.6
2,1.36,0.47,0.06,1703.87,3192303.0,90519.54,44693034.77,0.012,44694738.64
3,1.33,0.48,0.06,1704.59,3192303.0,88688.5,44692360.85,0.0021,44694065.440000005
4,1.33,0.48,0.06,1704.59,3192303.0,88688.5,44692360.85,0.0004,44694065.440000005
