,PAR,demand_reduction,cost_reduction,inconvenient,total_demand,max_demand,cost,run_time,objective
0,2.58,0.0,0.0,0.0,3192303.0,171430.0,47542702.3,0.0,47542702.3
1,1.76,0.32,0.06,1408.66,3192303.0,117254.0,44740462.8,0.0192,44741871.45999999
2,1.51,0.41,0.06,1987.64,3192303.0,100695.68,44700984.44,0.0093,44702972.08
3,1.38,0.47,0.06,2119.94,3192303.0,91687.21,44693394.53,0.0053,44695514.47
4,1.35,0.47,0.06,2118.49,3192303.0,90107.62,44692864.27,0.0008,44694982.760000005
5,1.33,0.48,0.06,2134.45,3192303.0,88646.6,44692445.42,0.0022,44694579.870000005
6,1.33,0.48,0.06,2134.45,3192303.0,88646.6,44692445.42,0.0005,44694579.870000005
