,PAR,demand_reduction,cost_reduction,inconvenient,total_demand,max_demand,cost,run_time,objective
0,2.03,0.0,0.0,0,640655,27035,9770110.7,,9770112.729999999
1,2.12,-0.05,-0.25,0,640655,28276,12190367.1,,12190369.219999999
2,2.15,-0.06,-0.36,0,640655,28719,13273524.3,,13273526.450000001
3,2.14,-0.05,-0.31,0,640655,28497,12799172.4,,12799174.540000001
4,1.87,0.08,0.05,0,640655,24908,9239460.9,,9239462.77
5,1.65,0.19,0.07,0,640655,21984,9105220.5,,9105222.15
