,PAR,demand_reduction,cost_reduction,inconvenient,total_demand,max_demand,cost,run_time,objective
0,3.35,0.0,0.0,0.0,322844.0,22510.0,4948206.8,0.0,4948210.149999999
1,2.15,0.36,0.09,1398.52,322844.0,14460.85,4522718.39,0.0313,4524119.06
2,1.72,0.49,0.09,1400.88,322844.0,11553.35,4519821.53,0.0087,4521224.13
3,1.75,0.48,0.09,1359.48,322844.0,11748.83,4519840.88,0.0018,4521202.11
4,1.73,0.48,0.09,1288.2,322844.0,11604.78,4519826.48,0.0013,4521116.410000001
5,1.72,0.49,0.09,1258.32,322844.0,11563.9,4519823.34,0.0013,4521083.38
6,1.72,0.49,0.09,1258.32,322844.0,11563.9,4519823.34,0.0007,4521083.38
