,PAR,demand_reduction,cost_reduction,inconvenient,total_demand,max_demand,cost,run_time,objective
0,1.6,0.0,0.0,0,3188496,106263,49172649.8,,49172651.4
1,1.28,0.2,0.08,0,3188496,84989,45341995.2,,45341996.480000004
2,1.41,0.12,0.07,0,3188496,93590,45546037.7,,45546039.11
3,1.4,0.13,0.07,0,3188496,92690,45565945.0,,45565946.4
4,1.28,0.2,0.08,0,3188496,85227,45423865.7,,45423866.980000004
5,1.29,0.19,0.08,0,3188496,85663,45352035.2,,45352036.49
