,PAR,demand_reduction,cost_reduction,inconvenient,total_demand,max_demand,cost,run_time,objective
0,2.27,0.0,0.0,0,651860,30776,9761825.3,,9761827.57
1,1.89,0.17,0.06,0,651860,25669,9192136.2,,9192138.09
2,1.73,0.24,0.06,0,651860,23486,9174352.6,,9174354.33
3,1.81,0.2,0.06,0,651860,24564,9169975.6,,9169977.41
4,1.65,0.27,0.06,0,651860,22416,9148599.8,,9148601.450000001
5,1.54,0.32,0.06,0,651860,20857,9146909.2,,9146910.739999998
