,no_households,penalty_weight,no_dependent_tasks,algorithm,repeat,init_PAR,PAR,init_max_demand,max_demand,total_demand,demand_reduction,cost_reduction,pricing_time,rescheduling_time
0,5000,1,1,minizinc_fw,0,1.22,1.09,4111789.0,3665908.99,161736531.0,0.11,0.11,0.006370588235294118,7325.679329411764
1,5000,1,1,ogsa_fw,0,1.22,1.06,4111789.0,3562160.43,161736531.0,0.13,0.12,0.004643333333333333,4.8868800000000014
2,5000,1,3,minizinc_fw,0,1.22,1.11,4111789.0,3732153.0,161736531.0,0.09,0.11,0.006487499999999999,11230.85804375
3,5000,1,3,ogsa_fw,0,1.22,1.05,4111789.0,3524553.49,161736531.0,0.14,0.12,0.005455555555555555,4.739125925925927
