,PAR,demand_reduction,cost_reduction,inconvenient,total_demand,max_demand,cost,run_time,objective
0,3.91,0.0,0.0,0,123044.0,10030.0,1954356.6,,1954360.51
1,2.5,0.36,0.12,0,123044.0,6416.53,1723958.71,,1723961.21
2,3.28,0.16,0.11,0,123044.0,8399.17,1736988.61,,1736991.8900000001
3,3.41,0.13,0.1,0,123044.0,8742.79,1761073.77,,1761077.18
4,2.88,0.26,0.12,0,123044.0,7379.7,1728109.92,,1728112.7999999998
5,3.15,0.2,0.11,0,123044.0,8070.82,1731980.12,,1731983.27
