,PAR,demand_reduction,cost_reduction,inconvenient,total_demand,max_demand,cost,run_time,objective
0,3.41,0.0,0.0,0,141333,10050,2230729.7,,2230733.1100000003
1,3.31,0.03,0.03,0,141333,9750,2174573.7,,2174577.0100000002
2,3.33,0.02,0.05,0,141333,9800,2129156.0,,2129159.33
3,3.18,0.07,0.09,0,141333,9366,2040695.1,,2040698.28
4,3.29,0.04,0.06,0,141333,9687,2088919.1,,2088922.3900000001
5,2.95,0.13,0.1,0,141333,8700,2018210.9,,2018213.8499999999
