,PAR,demand_reduction,cost_reduction,inconvenient,total_demand,max_demand,cost,run_time,objective
0,3.54,0.0,0.0,0.0,388940.0,28644.0,5913919.2,0.0,5913922.74
1,2.04,0.42,0.08,5252.1,388940.0,16559.3,5446133.26,0.0841,5451387.399999999
2,1.98,0.44,0.08,4954.55,388940.0,16073.56,5445522.28,0.0271,5450478.8100000005
3,1.91,0.46,0.08,4688.3,388940.0,15490.11,5445406.53,0.0105,5450096.74
4,1.91,0.46,0.08,4688.3,388940.0,15490.11,5445406.53,0.0007,5450096.74
