,PAR,demand_reduction,cost_reduction,inconvenient,total_demand,max_demand,cost,run_time,step_size,objective
0,4.93,0.0,0.0,0.0,37994.0,3900.0,617503.6,0.0,1.0,617508.53
1,2.95,0.4,0.14,40.89,37994.0,2336.8,532100.72,0.0168,0.413,532144.5599999999
2,2.67,0.46,0.14,40.7,37994.0,2115.25,531945.46,0.003,0.103,531988.83
3,2.56,0.48,0.14,40.86,37994.0,2026.69,531920.53,0.0017,0.047,531963.9500000001
4,2.53,0.49,0.14,40.58,37994.0,2000.0,531916.0,0.0009,0.014,531959.11
5,2.53,0.49,0.14,40.58,37994.0,2000.0,531916.0,0.0006,0.0,531959.11
