,PAR,demand_reduction,cost_reduction,inconvenient,total_demand,max_demand,cost,run_time,objective
0,1.6,0.0,0.0,0,3188496.0,106263.0,49172649.8,,49172651.4
1,1.34,0.16,0.08,0,3188496.0,89269.27,45476647.0,,45476648.34
2,1.33,0.17,0.08,0,3188496.0,88167.0,45464605.12,,45464606.449999996
3,1.37,0.15,0.07,0,3188496.0,90795.71,45653616.11,,45653617.48
4,1.4,0.12,0.07,0,3188496.0,93149.87,45631873.41,,45631874.809999995
5,1.43,0.1,0.06,0,3188496.0,95105.46,45981583.62,,45981585.05
