,no_households,penalty_weight,no_dependent_tasks,algorithm,repeat,init_PAR,PAR,init_max_demand,max_demand,total_demand,demand_reduction,cost_reduction,pricing_time,rescheduling_time
0,50,1,3,minizinc_fw,0,2.77,1.54,64585.0,35926.29,1117670.0,0.44,0.08,0.008544444444444445,35.55444444444444
1,50,1,3,ogsa_fw,0,2.77,1.42,64585.0,33077.18,1117670.0,0.49,0.08,0.00565625,0.042824999999999995
2,100,1,3,minizinc_fw,0,1.65,1.4,79826.0,67565.88,2321700.0,0.15,0.1,0.014109999999999998,92.417
3,100,1,3,ogsa_fw,0,1.65,1.03,79826.0,49800.4,2321700.0,0.38,0.11,0.00786764705882353,0.08007352941176471
4,500,1,3,minizinc_fw,0,1.78,1.25,408327.0,287127.88,10989410.0,0.3,0.05,0.011408333333333333,391.6133333333334
5,500,1,3,ogsa_fw,0,1.78,1.11,408327.0,253899.69,10989410.0,0.38,0.05,0.007488,0.35281599999999996
