,PAR,demand_reduction,cost_reduction,inconvenient,total_demand,max_demand,cost,run_time,step_size,objective
0,3.28,0.0,0.0,0,699109.0,47789.0,10570366.6,,,10570369.879999999
1,2.15,0.34,0.07,0,699109.0,31364.92,9798968.94,,,9798971.09
2,2.43,0.26,0.07,0,699109.0,35441.02,9808664.54,,,9808666.969999999
3,2.51,0.23,0.07,0,699109.0,36559.97,9820626.13,,,9820628.64
4,2.34,0.29,0.07,0,699109.0,34086.29,9805089.85,,,9805092.19
5,2.48,0.24,0.07,0,699109.0,36176.27,9820528.93,,,9820531.41
