,PAR,demand_reduction,cost_reduction,inconvenient,total_demand,max_demand,cost,run_time,objective
0,3.54,0.0,0.0,0,388940.0,28644.0,5913919.2,,5913922.74
1,2.56,0.28,0.08,0,388940.0,20742.72,5459486.01,,5459488.569999999
2,3.38,0.04,0.04,0,388940.0,27419.46,5695000.58,,5695003.96
3,2.84,0.2,0.08,0,388940.0,23030.34,5470283.14,,5470285.9799999995
4,2.42,0.31,0.08,0,388940.0,19642.84,5450053.34,,5450055.76
5,2.36,0.33,0.08,0,388940.0,19091.99,5450275.14,,5450277.5
