,PAR,demand_reduction,cost_reduction,inconvenient,total_demand,max_demand,cost,run_time,objective
0,3.31,0.0,0.0,0,58956,4062,918153.0,,918156.31
1,4.68,-0.42,-4.18,0,58956,5748,4755875.5,,4755880.18
2,3.41,-0.03,-0.33,0,58956,4193,1221464.2,,1221467.6099999999
3,3.91,-0.18,-2.14,0,58956,4808,2887231.4,,2887235.31
4,3.66,-0.11,-1.09,0,58956,4500,1914675.6,,1914679.26
5,4.85,-0.47,-8.87,0,58956,5952,9063385.2,,9063390.049999999
