,count,mean,std,min,25%,50%,75%,max
#Households,18.0,3516.6666666666665,3596.7305415106225,50.0,500.0,2000.0,6000.0,10000.0
#Iterations,18.00,24.88,3.23,20.20,22.05,24.80,27.60,30.00
