,count,mean,std,min,25%,50%,75%,max
#Households,18.0,3516.6666666666665,3596.7305415106225,50.0,500.0,2000.0,6000.0,10000.0
Scheduling time per iteration (second),18.00,882.77,"1,606.00",0.10,4.47,19.80,714.04,"5,321.29"
