,PAR,demand_reduction,cost_reduction,inconvenient,total_demand,max_demand,cost,run_time,objective
0,4.96,0.0,0.0,0,78429,8100,1250836.6,,1250841.56
1,4.36,0.12,0.1,0,78429,7120,1125926.6,,1125930.9600000002
2,5.88,-0.19,-2.73,0,78429,9600,4661754.0,,4661759.88
3,5.88,-0.19,-2.73,0,78429,9600,4661311.6,,4661317.4799999995
4,3.76,0.24,0.12,0,78429,6150,1105948.6,,1105952.36
5,3.76,0.24,0.12,0,78429,6150,1106481.0,,1106484.76
