,PAR,demand_reduction,cost_reduction,inconvenient,total_demand,max_demand,cost,run_time,objective
0,2.77,0.0,0.0,0,310183.0,17904.0,4985241.2,,4985243.97
1,1.93,0.3,0.13,0,310183.0,12476.51,4350532.37,,4350534.3
2,1.99,0.28,0.13,0,310183.0,12871.17,4353805.13,,4353807.12
3,2.4,0.14,0.12,0,310183.0,15476.88,4385671.99,,4385674.390000001
4,2.22,0.2,0.12,0,310183.0,14330.52,4366607.1,,4366609.319999999
5,1.9,0.31,0.13,0,310183.0,12290.73,4349278.19,,4349280.090000001
