,PAR,demand_reduction,cost_reduction,inconvenient,total_demand,max_demand,cost,run_time,objective
0,8.59,0.0,0.0,0.0,76545.0,13700.0,1288511.1,0.0,1288519.6900000002
1,5.33,0.38,0.17,1578.64,76545.0,8502.28,1072756.34,0.0067,1074340.31
2,4.52,0.47,0.17,1737.26,76545.0,7212.23,1071656.95,0.0132,1073398.73
3,4.62,0.46,0.17,1594.73,76545.0,7364.31,1071693.9,0.0031,1073293.25
4,4.82,0.44,0.17,1481.34,76545.0,7685.64,1071780.19,0.0029,1073266.35
5,4.47,0.48,0.17,1246.94,76545.0,7126.09,1071658.88,0.0015,1072910.2899999998
6,4.55,0.47,0.17,1197.3,76545.0,7256.44,1071684.78,0.0015,1072886.6300000001
7,4.55,0.47,0.17,1197.3,76545.0,7256.44,1071684.78,0.0007,1072886.6300000001
