,PAR,demand_reduction,cost_reduction,inconvenient,total_demand,max_demand,cost,run_time,objective
0,8.59,0.0,0.0,0,76545,13700,1288511.1,,1288519.6900000002
1,5.39,0.37,0.17,0,76545,8602,1072741.1,,1072746.49
2,5.68,0.34,0.17,0,76545,9050,1073582.7,,1073588.38
3,5.68,0.34,0.17,0,76545,9050,1073279.5,,1073285.18
4,5.68,0.34,0.17,0,76545,9050,1073609.5,,1073615.18
5,8.59,0.0,0.0,0,76545,13700,1288511.1,,1288519.6900000002
