,PAR,demand_reduction,cost_reduction,inconvenient,total_demand,max_demand,cost,run_time,objective
0,6.97,0.0,0.0,0.0,41446.0,6020.0,673427.5,0.0,673434.47
1,3.78,0.46,0.14,23.71,41446.0,3266.31,580268.0,0.0732,580295.49
2,3.59,0.49,0.14,22.71,41446.0,3097.52,580244.0,0.0069,580270.2999999999
3,3.59,0.49,0.14,22.71,41446.0,3097.52,580244.0,0.0006,580270.2999999999
