,PAR,demand_reduction,cost_reduction,inconvenient,total_demand,max_demand,cost,run_time,objective
0,6.97,0.0,0.0,0,41446,6020,673427.5,,673434.47
1,6.97,0.0,0.0,0,41446,6020,672907.8,,672914.77
2,6.95,0.0,0.01,0,41446,6000,669242.2,,669249.1499999999
3,6.95,0.0,0.01,0,41446,6000,668341.9,,668348.85
4,6.95,0.0,0.01,0,41446,6000,668503.7,,668510.6499999999
5,6.97,0.0,-0.0,0,41446,6020,673447.8,,673454.77
