,PAR,demand_reduction,cost_reduction,inconvenient,total_demand,max_demand,cost,run_time,objective
0,3.54,0.0,0.0,0,388940.0,28644.0,5913919.2,,5913922.74
1,2.7,0.24,0.07,0,388940.0,21889.97,5474351.4,,5474354.100000001
2,2.84,0.2,0.07,0,388940.0,22981.88,5477250.07,,5477252.91
3,2.65,0.25,0.08,0,388940.0,21499.52,5466836.98,,5466839.630000001
4,2.59,0.27,0.07,0,388940.0,20993.14,5470580.96,,5470583.55
5,2.15,0.39,0.08,0,388940.0,17450.0,5450241.15,,5450243.300000001
