,PAR,demand_reduction,cost_reduction,inconvenient,total_demand,max_demand,cost,run_time,objective
0,3.45,0.0,0.0,0.0,153148.0,11000.0,2343182.4,0.0,2343185.85
1,2.27,0.34,0.08,758.16,153148.0,7253.71,2145766.74,0.0169,2146527.1700000004
2,1.89,0.45,0.08,668.42,153148.0,6044.18,2144368.72,0.0046,2145039.0300000003
3,1.79,0.48,0.08,679.09,153148.0,5720.28,2144074.03,0.0028,2144754.9099999997
4,1.79,0.48,0.08,679.09,153148.0,5720.28,2144074.03,0.0005,2144754.9099999997
