,PAR,demand_reduction,cost_reduction,inconvenient,total_demand,max_demand,cost,run_time,objective
0,6.41,0.0,0.0,0,58367,7800,945822.4,,945828.81
1,5.06,0.21,0.12,0,58367,6150,828611.4,,828616.4600000001
2,7.99,-0.25,-4.64,0,58367,9719,5335952.9,,5335960.890000001
3,4.93,0.23,0.13,0,58367,6000,827437.0,,827441.93
4,6.98,-0.09,-1.66,0,58367,8486,2511820.5,,2511827.48
5,7.01,-0.09,-1.74,0,58367,8519,2587419.9,,2587426.9099999997
