,PAR,demand_reduction,cost_reduction,inconvenient,total_demand,max_demand,cost,run_time,objective
0,4.27,0.0,0.0,0.0,292930.0,26082.0,4618686.0,0.0,4618686.0
1,2.85,0.33,0.11,583.25,292930.0,17386.82,4108359.49,0.036,4108942.74
2,2.88,0.33,0.11,715.5,292930.0,17578.22,4104602.21,0.0066,4105317.71
3,2.53,0.41,0.11,788.98,292930.0,15463.12,4102407.86,0.0032,4103196.84
4,2.31,0.46,0.11,834.83,292930.0,14076.5,4101292.36,0.0194,4102127.19
5,2.32,0.46,0.11,848.24,292930.0,14180.93,4101186.14,0.001,4102034.3800000004
6,2.32,0.46,0.11,848.24,292930.0,14180.93,4101186.14,0.0003,4102034.3800000004
