,PAR,demand_reduction,cost_reduction,inconvenient,total_demand,max_demand,cost,run_time,objective
0,3.54,0.0,0.0,0,388940.0,28644.0,5913919.2,,5913922.74
1,2.57,0.27,0.08,0,388940.0,20811.72,5453123.9,,5453126.470000001
2,2.76,0.22,0.08,0,388940.0,22330.0,5463462.7,,5463465.46
3,2.73,0.23,0.08,0,388940.0,22090.2,5466319.85,,5466322.58
4,3.1,0.12,0.07,0,388940.0,25129.46,5520204.35,,5520207.449999999
5,2.33,0.34,0.08,0,388940.0,18894.88,5451252.44,,5451254.7700000005
