,PAR,demand_reduction,cost_reduction,inconvenient,total_demand,max_demand,cost,run_time,objective
0,3.54,0.0,0.0,0.0,388940.0,28644.0,5913919.2,0.0,5913922.74
1,2.44,0.31,0.08,74.33,388940.0,19778.78,5453728.37,0.0614,5453805.140000001
2,2.12,0.4,0.08,91.22,388940.0,17208.0,5446603.0,0.0393,5446696.34
3,1.97,0.44,0.08,131.15,388940.0,15991.44,5445744.47,0.0252,5445877.59
4,1.92,0.46,0.08,175.77,388940.0,15571.1,5445499.63,0.0211,5445677.319999999
5,1.84,0.48,0.08,180.19,388940.0,14916.85,5445202.98,0.0131,5445385.010000001
6,1.84,0.48,0.08,179.83,388940.0,14890.36,5445196.68,0.0017,5445378.35
7,1.84,0.48,0.08,179.89,388940.0,14896.08,5445195.95,0.0008,5445377.68
8,1.84,0.48,0.08,179.89,388940.0,14896.08,5445195.95,0.0005,5445377.68
