,PAR,demand_reduction,cost_reduction,inconvenient,total_demand,max_demand,cost,run_time,objective
0,1.74,0.0,0.0,0,613008.0,22175.0,10010144.3,,10010146.040000001
1,1.49,0.14,0.12,0,613008.0,18972.31,8793709.18,,8793710.67
2,1.64,0.06,0.12,0,613008.0,20904.04,8846607.18,,8846608.82
3,1.58,0.09,0.11,0,613008.0,20178.46,8948275.56,,8948277.14
4,1.5,0.14,0.13,0,613008.0,19160.09,8723064.12,,8723065.62
5,1.57,0.1,0.12,0,613008.0,20011.2,8792459.3,,8792460.870000001
