,PAR,demand_reduction,cost_reduction,inconvenient,total_demand,max_demand,cost,run_time,objective
0,2.25,0.0,0.0,0,621720.0,29115.0,9307131.0,,9307133.25
1,2.13,0.05,0.04,0,621720.0,27615.0,8935809.65,,8935811.780000001
2,2.13,0.05,0.03,0,621720.0,27594.57,8995627.91,,8995630.040000001
3,1.83,0.18,0.06,0,621720.0,23735.03,8761047.62,,8761049.45
4,1.79,0.2,0.06,0,621720.0,23185.83,8743574.98,,8743576.77
5,1.74,0.23,0.06,0,621720.0,22507.98,8755801.4,,8755803.14
