,PAR,demand_reduction,cost_reduction,inconvenient,total_demand,max_demand,cost,run_time,objective
0,1.2,0.0,0.0,0.0,162843884.0,4079544.0,2887607541.4,0.0,2887607541.4
1,1.19,0.01,0.03,159204.39,162843884.0,4027790.86,2810685523.24,0.046,2810844727.6299996
2,1.17,0.03,0.05,326390.84,162843884.0,3969759.04,2737522526.84,0.0533,2737848917.6800003
3,1.15,0.04,0.07,528760.61,162843884.0,3909771.46,2679633433.53,0.0537,2680162194.1400003
4,1.14,0.05,0.08,656579.54,162843884.0,3857907.95,2643839863.8,0.0446,2644496443.34
5,1.13,0.06,0.09,718314.92,162843884.0,3836408.77,2634224901.1,0.0337,2634943216.02
6,1.13,0.06,0.09,718314.92,162843884.0,3836408.77,2634224901.1,0.0176,2634943216.02
