,PAR,demand_reduction,cost_reduction,inconvenient,total_demand,max_demand,cost,run_time,objective
0,1.6,0.0,0.0,0,3188496.0,106263.0,49172649.8,,49172651.4
1,1.35,0.16,0.07,0,3188496.0,89631.09,45545305.21,,45545306.56
2,1.34,0.16,0.08,0,3188496.0,88833.96,45464311.46,,45464312.800000004
3,1.33,0.17,0.07,0,3188496.0,88258.79,45502558.0,,45502559.33
4,1.28,0.2,0.08,0,3188496.0,85327.34,45411469.48,,45411470.76
5,1.4,0.12,0.07,0,3188496.0,93119.04,45712734.62,,45712736.019999996
