,PAR,demand_reduction,cost_reduction,inconvenient,total_demand,max_demand,cost,run_time,objective
0,5.37,0.0,0.0,0.0,65233.0,7300.0,1027831.2,0.0,1027836.57
1,2.85,0.47,0.11,0.0,65233.0,3869.0,913275.8,0.0108,913278.65
2,2.81,0.48,0.11,0.0,65233.0,3816.55,913265.31,0.0012,913268.1200000001
3,2.81,0.48,0.11,0.0,65233.0,3816.55,913265.31,0.0007,913268.1200000001
