,PAR,demand_reduction,cost_reduction,inconvenient,total_demand,max_demand,cost,run_time,objective
0,4.28,0.0,0.0,0.0,72259.0,6450.0,1113308.5,0.0,1113312.78
1,2.19,0.49,0.09,0.0,72259.0,3301.11,1011626.11,0.0159,1011628.2999999999
2,2.19,0.49,0.09,0.0,72259.0,3301.11,1011626.11,0.0006,1011628.2999999999
