,PAR,demand_reduction,cost_reduction,inconvenient,total_demand,max_demand,cost,run_time,objective
0,1.39,0.0,0.0,0,6516979,189152,106823529.7,,106823531.09
1,1.29,0.07,0.1,0,6516979,175522,95611054.4,,95611055.69000001
2,1.2,0.14,0.11,0,6516979,162866,94809296.5,,94809297.7
3,1.16,0.17,0.12,0,6516979,157927,94391749.6,,94391750.75999999
4,1.19,0.14,0.11,0,6516979,162072,94607742.0,,94607743.19
5,1.25,0.1,0.11,0,6516979,169847,95442109.6,,95442110.85
