,PAR,demand_reduction,cost_reduction,inconvenient,total_demand,max_demand,cost,run_time,objective
0,3.54,0.0,0.0,0.0,388940.0,28644.0,5913919.2,0.0,5913922.74
1,2.16,0.39,0.08,96.1,388940.0,17488.2,5447082.23,0.0816,5447180.49
2,1.88,0.47,0.08,110.74,388940.0,15240.12,5445268.31,0.027,5445380.93
3,1.82,0.48,0.08,110.12,388940.0,14759.47,5445166.95,0.007,5445278.890000001
4,1.81,0.49,0.08,100.09,388940.0,14697.65,5445160.0,0.0508,5445261.899999999
5,1.81,0.49,0.08,100.09,388940.0,14697.65,5445160.0,0.0005,5445261.899999999
