,PAR,demand_reduction,cost_reduction,inconvenient,total_demand,max_demand,cost,run_time,objective
0,5.2,0.0,0.0,0,22617,2452,392506.8,,392512.0
1,5.2,0.0,0.0,0,22617,2450,391397.4,,391402.60000000003
2,5.09,0.02,0.02,0,22617,2400,382889.6,,382894.69
3,5.73,-0.1,-1.19,0,22617,2700,858042.2,,858047.9299999999
4,5.09,0.02,0.02,0,22617,2400,382808.4,,382813.49000000005
5,7.64,-0.47,-12.71,0,22617,3600,5380818.2,,5380825.84
