,PAR,demand_reduction,cost_reduction,inconvenient,total_demand,max_demand,cost,run_time,objective
0,1.74,0.0,0.0,0,613008,22175,10010144.3,,10010146.040000001
1,1.81,-0.04,-0.21,0,613008,23166,12071150.8,,12071152.610000001
2,1.92,-0.11,-0.48,0,613008,24555,14767029.7,,14767031.62
3,1.78,-0.03,-0.06,0,613008,22770,10608626.5,,10608628.28
4,1.96,-0.13,-0.81,0,613008,25082,18122650.7,,18122652.66
5,1.99,-0.14,-0.68,0,613008,25374,16852886.2,,16852888.189999998
