,PAR,demand_reduction,cost_reduction,inconvenient,total_demand,max_demand,cost,run_time,objective
0,1.24,0.0,0.0,0.0,65382402.0,1684352.0,1115299556.3,0.0,1115299556.3
1,1.22,0.02,0.03,89510.9,65382402.0,1657017.47,1084385982.88,0.065,1084475493.7800002
2,1.2,0.03,0.05,152457.44,65382402.0,1629698.69,1060990857.43,0.0593,1061143314.87
3,1.18,0.05,0.06,223922.68,65382402.0,1601053.3,1045842275.09,0.0626,1046066197.77
4,1.17,0.05,0.06,245412.56,65382402.0,1593151.69,1043038338.05,0.0276,1043283750.6099999
5,1.17,0.05,0.06,245412.56,65382402.0,1593151.69,1043038338.05,0.014,1043283750.6099999
