,no_households,penalty_weight,no_dependent_tasks,algorithm,repeat,init_PAR,PAR,init_max_demand,max_demand,total_demand,demand_reduction,cost_reduction,pricing_time,rescheduling_time
0,50,1,3,minizinc_fw,0,2.17,1.17,41480.0,22322.14,918023.0,0.46,0.07,0.0045,18.044090909090905
1,50,1,3,ogsa_fw,0,2.17,1.16,41480.0,22105.78,918023.0,0.47,0.07,0.004742307692307692,0.05141538461538461
2,100,1,3,minizinc_fw,0,1.84,1.05,82457.0,47227.72,2153095.0,0.43,0.09,0.0056580645161290345,36.79774193548388
3,100,1,3,ogsa_fw,0,1.84,1.05,82457.0,47318.28,2153095.0,0.43,0.09,0.006024137931034484,0.11167586206896551
