,PAR,demand_reduction,cost_reduction,inconvenient,total_demand,max_demand,cost,run_time,objective
0,8.59,0.0,0.0,0,76545,13700,1288511.1,,1288519.6900000002
1,7.16,0.17,0.15,0,76545,11422,1091595.1,,1091602.26
2,7.93,0.08,0.11,0,76545,12650,1145448.1,,1145456.03
3,8.59,0.0,0.0,0,76545,13700,1288511.1,,1288519.6900000002
4,5.68,0.34,0.17,0,76545,9050,1073279.5,,1073285.18
5,8.62,-0.0,-0.09,0,76545,13750,1402726.1,,1402734.7200000002
