,PAR,demand_reduction,cost_reduction,inconvenient,total_demand,max_demand,cost,run_time,objective
0,8.59,0.0,0.0,0.0,76545.0,13700.0,1288511.1,0.0,1288519.6900000002
1,5.33,0.38,0.17,789.32,76545.0,8502.28,1072756.34,0.0069,1073550.9900000002
2,4.52,0.47,0.17,924.2,76545.0,7207.84,1071658.4,0.0114,1072587.1199999999
3,4.51,0.47,0.17,898.65,76545.0,7196.76,1071654.55,0.0061,1072557.71
4,4.51,0.47,0.17,898.65,76545.0,7196.76,1071654.55,0.0007,1072557.71
