,PAR,demand_reduction,cost_reduction,inconvenient,total_demand,max_demand,cost,run_time,objective
0,3.31,0.0,0.0,0,58956.0,4062.0,918153.0,,918156.31
1,2.85,0.14,0.09,0,58956.0,3500.0,839175.92,,839178.77
2,3.27,0.01,-0.0,0,58956.0,4010.76,921711.87,,921715.14
3,3.19,0.03,0.04,0,58956.0,3923.0,883377.6,,883380.7899999999
4,1.5,0.55,0.1,0,58956.0,1840.55,825384.0,,825385.5
5,3.21,0.03,0.06,0,58956.0,3943.22,865741.44,,865744.6499999999
