,PAR,demand_reduction,cost_reduction,inconvenient,total_demand,max_demand,cost,run_time,objective
0,3.31,0.0,0.0,0.0,58956.0,4062.0,918153.0,0.0,918156.31
1,1.71,0.48,0.1,0.0,58956.0,2100.78,825384.08,0.0457,825385.7899999999
2,1.71,0.48,0.1,0.0,58956.0,2100.78,825384.08,0.0006,825385.7899999999
