,PAR,demand_reduction,cost_reduction,inconvenient,total_demand,max_demand,cost,run_time,objective
0,8.59,0.0,0.0,0,76545,13700,1288511.1,,1288519.6900000002
1,7.16,0.17,0.15,0,76545,11422,1091557.4,,1091564.5599999998
2,7.93,0.08,0.11,0,76545,12650,1142889.8,,1142897.73
3,6.47,0.25,0.16,0,76545,10322,1081463.6,,1081470.07
4,5.68,0.34,0.17,0,76545,9050,1073605.0,,1073610.68
5,8.59,0.0,0.0,0,76545,13700,1288511.1,,1288519.6900000002
