,PAR,demand_reduction,cost_reduction,inconvenient,total_demand,max_demand,cost,run_time,objective
0,8.59,0.0,0.0,0.0,76545.0,13700.0,1288511.1,0.0,1288519.6900000002
1,5.45,0.37,0.17,25.35,76545.0,8693.13,1072703.6,0.0138,1072734.4000000001
2,4.52,0.47,0.17,30.09,76545.0,7203.82,1071653.52,0.0024,1071688.1300000001
3,4.39,0.49,0.17,30.06,76545.0,6994.59,1071630.0,0.0025,1071664.45
4,4.39,0.49,0.17,30.06,76545.0,6994.59,1071630.0,0.0007,1071664.45
