,no_households,penalty_weight,no_dependent_tasks,algorithm,repeat,init_PAR,PAR,init_max_demand,max_demand,total_demand,demand_reduction,cost_reduction,pricing_time,rescheduling_time
0,50,10,3,minizinc_fw,0,2.38,1.24,73536.0,38223.61,1480527.0,0.48,0.06,0.00506875,12.890625000000002
1,50,10,3,ogsa_fw,0,2.38,1.24,73536.0,38151.85,1480527.0,0.48,0.06,0.0033689655172413797,0.05271379310344827
2,500,10,3,minizinc_fw,0,1.28,1.05,425043.0,348660.09,15950097.0,0.18,0.1,0.005727586206896551,117.77724137931033
3,500,10,3,ogsa_fw,0,1.28,1.06,425043.0,350773.01,15950097.0,0.17,0.1,0.006272,0.5947680000000002
4,5000,10,3,minizinc_fw,0,1.23,1.08,4118241.0,3612357.51,160149583.0,0.12,0.09,0.00631111111111111,1176.156111111111
5,5000,10,3,ogsa_fw,0,1.23,1.08,4118241.0,3603712.41,160149583.0,0.12,0.09,0.006194736842105263,6.283257894736842
6,10000,10,3,minizinc_fw,0,1.23,1.05,8264523.0,7042029.35,323109726.0,0.15,0.11,0.005051724137931035,2465.5668965517248
7,10000,10,3,ogsa_fw,0,1.23,1.08,8264523.0,7260240.68,323109726.0,0.12,0.11,0.006594117647058822,12.647741176470587
