,PAR,demand_reduction,cost_reduction,inconvenient,total_demand,max_demand,cost,run_time,objective
0,40.06,0.0,0.0,0.0,7190.0,6000.0,193810.0,0.0,193850.06
1,24.03,0.4,0.48,0.8,7190.0,3600.0,100810.0,0.0016,100834.83
2,21.63,0.46,0.48,0.92,7190.0,3240.0,100678.0,0.0009,100700.55
3,20.83,0.48,0.48,0.96,7190.0,3119.97,100662.0,0.0015,100683.79000000001
4,20.83,0.48,0.48,0.96,7190.0,3119.97,100662.0,0.0007,100683.79000000001
