,PAR,demand_reduction,cost_reduction,inconvenient,total_demand,max_demand,cost,run_time,objective
0,9.95,0.0,0.0,0,58577,12143,1010906.2,,1010916.1499999999
1,5.68,0.43,0.19,0,58577,6935,820242.0,,820247.68
2,9.44,0.05,0.1,0,58577,11515,911530.5,,911539.94
3,9.95,0.0,0.0,0,58577,12143,1009994.2,,1010004.1499999999
4,9.44,0.05,0.1,0,58577,11515,912225.5,,912234.94
5,9.87,0.01,0.02,0,58577,12050,995631.5,,995641.37
