,PAR,demand_reduction,cost_reduction,inconvenient,total_demand,max_demand,cost,run_time,objective
0,2.36,0.0,0.0,0,717690.0,35326.0,10701341.2,,10701343.559999999
1,2.03,0.14,0.05,0,717690.0,30383.98,10135689.66,,10135691.69
2,1.89,0.2,0.06,0,717690.0,28197.46,10081019.83,,10081021.72
3,1.81,0.23,0.06,0,717690.0,27065.01,10072941.97,,10072943.780000001
4,1.64,0.31,0.06,0,717690.0,24500.35,10059165.18,,10059166.82
5,1.74,0.26,0.06,0,717690.0,26007.39,10064778.89,,10064780.63
