,PAR,demand_reduction,cost_reduction,inconvenient,total_demand,max_demand,cost,run_time,objective
0,2.36,0.0,0.0,0.0,717690.0,35326.0,10701341.2,0.0,10701343.559999999
1,1.4,0.41,0.06,0.0,717690.0,20934.61,10049963.12,0.0269,10049964.52
2,1.27,0.46,0.06,0.0,717690.0,18929.3,10048047.55,0.0187,10048048.82
3,1.23,0.48,0.06,0.0,717690.0,18443.05,10047732.71,0.0023,10047733.940000001
4,1.22,0.49,0.06,0.0,717690.0,18181.76,10047669.29,0.0026,10047670.51
5,1.21,0.49,0.06,0.0,717690.0,18134.01,10047666.93,0.002,10047668.14
6,1.21,0.49,0.06,0.0,717690.0,18116.58,10047662.11,0.001,10047663.32
7,1.21,0.49,0.06,0.0,717690.0,18116.58,10047662.11,0.0005,10047663.32
