,PAR,demand_reduction,cost_reduction,inconvenient,total_demand,max_demand,cost,run_time,objective
0,3.54,0.0,0.0,0,388940.0,28644.0,5913919.2,,5913922.74
1,2.36,0.33,0.08,0,388940.0,19139.7,5451251.53,,5451253.890000001
2,2.75,0.22,0.08,0,388940.0,22302.98,5467229.61,,5467232.36
3,3.15,0.11,0.06,0,388940.0,25534.83,5540701.44,,5540704.590000001
4,2.67,0.24,0.08,0,388940.0,21657.21,5470151.2,,5470153.87
5,2.54,0.28,0.08,0,388940.0,20558.0,5457128.59,,5457131.13
