,PAR,demand_reduction,cost_reduction,inconvenient,total_demand,max_demand,cost,run_time,objective
0,4.96,0.0,0.0,0,78429.0,8100.0,1250836.6,,1250841.56
1,3.41,0.31,0.12,0,78429.0,5570.37,1100149.06,,1100152.47
2,4.69,0.05,0.07,0,78429.0,7656.0,1158967.6,,1158972.29
3,3.81,0.23,0.12,0,78429.0,6226.82,1103045.74,,1103049.55
4,3.85,0.22,0.12,0,78429.0,6287.09,1103743.1,,1103746.9500000002
5,4.63,0.07,0.08,0,78429.0,7572.55,1146528.65,,1146533.2799999998
