,PAR,demand_reduction,cost_reduction,inconvenient,total_demand,max_demand,cost,run_time,objective
0,9.95,0.0,0.0,0,58577.0,12143.0,1010906.2,,1010916.1499999999
1,7.11,0.29,0.19,0,58577.0,8682.23,822674.7,,822681.8099999999
2,5.44,0.45,0.19,0,58577.0,6640.81,820150.24,,820155.6799999999
3,5.49,0.45,0.19,0,58577.0,6703.68,820169.1,,820174.59
4,4.99,0.5,0.19,0,58577.0,6093.0,820078.0,,820082.99
5,6.31,0.37,0.19,0,58577.0,7697.32,820705.86,,820712.17
