,PAR,demand_reduction,cost_reduction,inconvenient,total_demand,max_demand,cost,run_time,objective
0,1.77,0.0,0.0,0.0,614895.0,22640.0,9916492.7,0.0,9916494.469999999
1,1.46,0.17,0.11,17023.18,614895.0,18757.28,8778875.55,0.0573,8795900.190000001
2,1.4,0.21,0.12,25018.88,614895.0,17979.41,8710175.7,0.0484,8735195.98
3,1.3,0.26,0.12,30045.39,614895.0,16701.89,8685175.64,0.0149,8715222.330000002
4,1.29,0.27,0.12,31631.37,614895.0,16502.02,8682418.87,0.0045,8714051.529999997
5,1.29,0.27,0.12,31919.93,614895.0,16468.97,8682056.95,0.0065,8713978.169999998
6,1.29,0.27,0.12,31919.93,614895.0,16468.97,8682056.95,0.0011,8713978.169999998
