,PAR,demand_reduction,cost_reduction,inconvenient,total_demand,max_demand,cost,run_time,objective
0,4.67,0.0,0.0,0.0,63678.0,6200.0,1070352.0,0.0,1070356.67
1,3.09,0.34,0.17,45.47,63678.0,4097.49,892134.66,0.0997,892183.22
2,2.41,0.48,0.17,41.16,63678.0,3196.78,891492.0,0.0965,891535.5700000001
3,2.41,0.48,0.17,28.81,63678.0,3198.91,891492.0,0.0551,891523.2200000001
4,2.41,0.48,0.17,28.81,63678.0,3198.91,891492.0,0.0005,891523.2200000001
