,PAR,demand_reduction,cost_reduction,inconvenient,total_demand,max_demand,cost,run_time,objective
0,2.25,0.0,0.0,0,621720,29115,9307131.0,,9307133.25
1,1.97,0.12,0.05,0,621720,25549,8872302.9,,8872304.870000001
2,1.99,0.12,0.04,0,621720,25766,8979224.3,,8979226.290000001
3,1.66,0.26,0.06,0,621720,21439,8729352.9,,8729354.56
4,1.68,0.25,0.06,0,621720,21805,8735309.2,,8735310.879999999
5,2.01,0.11,0.05,0,621720,25972,8828803.0,,8828805.01
