,PAR,demand_reduction,cost_reduction,inconvenient,total_demand,max_demand,cost,run_time,objective
0,2.25,0.0,0.0,0,621720.0,29115.0,9307131.0,,9307133.25
1,1.75,0.22,0.06,0,621720.0,22731.0,8764530.73,,8764532.48
2,2.09,0.07,0.04,0,621720.0,27097.34,8897429.88,,8897431.97
3,2.14,0.05,0.03,0,621720.0,27729.33,9034317.63,,9034319.770000001
4,1.89,0.16,0.05,0,621720.0,24446.9,8799406.63,,8799408.520000001
5,1.85,0.18,0.05,0,621720.0,23901.04,8795302.34,,8795304.19
