,PAR,demand_reduction,cost_reduction,inconvenient,total_demand,max_demand,cost,run_time,objective
0,5.37,0.0,0.0,0.0,65233.0,7300.0,1027831.2,0.0,1027836.57
1,2.88,0.46,0.11,33.44,65233.0,3910.68,913286.74,0.0097,913323.0599999999
2,2.79,0.48,0.11,33.41,65233.0,3788.8,913262.0,0.0047,913298.2000000001
3,2.77,0.48,0.11,31.74,65233.0,3764.83,913262.0,0.0016,913296.51
4,2.77,0.48,0.11,31.74,65233.0,3764.83,913262.0,0.0006,913296.51
