,PAR,demand_reduction,cost_reduction,inconvenient,total_demand,max_demand,cost,run_time,objective
0,2.06,0.0,0.0,0.0,3261238.0,139825.0,48430192.6,0.0,48430192.6
1,1.67,0.19,0.05,3851.37,3261238.0,113218.1,46010474.8,0.0546,46014326.169999994
2,1.45,0.3,0.05,6017.54,3261238.0,98261.39,45801541.92,0.0323,45807559.46
3,1.5,0.27,0.05,6340.12,3261238.0,101762.9,45796621.91,0.004,45802962.029999994
4,1.51,0.27,0.05,6406.12,3261238.0,102435.62,45795919.24,0.0026,45802325.36
5,1.51,0.27,0.05,6406.12,3261238.0,102435.62,45795919.24,0.0005,45802325.36
