,PAR,demand_reduction,cost_reduction,inconvenient,total_demand,max_demand,cost,run_time,objective
0,3.35,0.0,0.0,0.0,322844.0,22510.0,4948206.8,0.0,4948210.149999999
1,2.14,0.36,0.09,244.21,322844.0,14382.2,4521942.63,0.0329,4522188.9799999995
2,1.96,0.41,0.09,242.47,322844.0,13175.15,4520647.51,0.0089,4520891.9399999995
3,1.81,0.46,0.09,226.64,322844.0,12206.62,4519998.57,0.0066,4520227.02
4,1.73,0.48,0.09,217.56,322844.0,11653.49,4519842.1,0.0029,4520061.39
5,1.72,0.49,0.09,215.76,322844.0,11570.54,4519830.57,0.0008,4520048.05
6,1.71,0.49,0.09,205.04,322844.0,11472.97,4519816.0,0.0027,4520022.75
7,1.71,0.49,0.09,205.04,322844.0,11472.97,4519816.0,0.0007,4520022.75
