,PAR,demand_reduction,cost_reduction,inconvenient,total_demand,max_demand,cost,run_time,objective
0,3.35,0.0,0.0,0,322844.0,22510.0,4948206.8,,4948210.149999999
1,2.38,0.29,0.09,0,322844.0,16011.16,4526631.64,,4526634.02
2,2.2,0.34,0.09,0,322844.0,14793.05,4523759.68,,4523761.88
3,2.33,0.3,0.09,0,322844.0,15655.0,4523586.35,,4523588.68
4,2.57,0.23,0.08,0,322844.0,17255.0,4534609.94,,4534612.510000001
5,2.3,0.31,0.09,0,322844.0,15478.74,4524113.05,,4524115.35
