,PAR,demand_reduction,cost_reduction,inconvenient,total_demand,max_demand,cost,run_time,objective
0,3.54,0.0,0.0,0,388940.0,28644.0,5913919.2,,5913922.74
1,2.15,0.39,0.08,0,388940.0,17449.36,5447376.1,,5447378.25
2,2.66,0.25,0.08,0,388940.0,21593.3,5464871.97,,5464874.63
3,2.63,0.26,0.08,0,388940.0,21334.29,5460611.81,,5460614.4399999995
4,2.83,0.2,0.07,0,388940.0,22902.57,5476958.01,,5476960.84
5,2.52,0.29,0.08,0,388940.0,20416.44,5457123.21,,5457125.7299999995
