,PAR,demand_reduction,cost_reduction,inconvenient,total_demand,max_demand,cost,run_time,objective
0,1.81,0.0,0.0,0,688424,26005,10844271.8,,10844273.610000001
1,1.65,0.09,0.08,0,688424,23596,10017296.3,,10017297.950000001
2,1.81,-0.0,0.04,0,688424,26010,10397028.0,,10397029.81
3,1.73,0.04,0.05,0,688424,24883,10312174.5,,10312176.23
4,2.18,-0.2,-1.04,0,688424,31233,22114024.5,,22114026.68
5,2.16,-0.19,-1.58,0,688424,30986,28021640.0,,28021642.16
