,PAR,demand_reduction,cost_reduction,inconvenient,total_demand,max_demand,cost,run_time,objective
0,1.81,0.0,0.0,0,688424.0,26005.0,10844271.8,,10844273.610000001
1,1.39,0.23,0.11,0,688424.0,19949.28,9700698.7,,9700700.09
2,1.6,0.12,0.1,0,688424.0,22968.03,9772153.03,,9772154.629999999
3,1.54,0.15,0.1,0,688424.0,22020.52,9740025.61,,9740027.149999999
4,1.34,0.26,0.11,0,688424.0,19209.67,9703421.79,,9703423.129999999
5,1.6,0.12,0.1,0,688424.0,22965.17,9809575.27,,9809576.87
