,PAR,demand_reduction,cost_reduction,inconvenient,total_demand,max_demand,cost,run_time,objective
0,1.69,0.0,0.0,0,3309280,116403,49256079.7,,49256081.39
1,1.35,0.2,0.05,0,3309280,93042,46866212.7,,46866214.050000004
2,1.42,0.16,0.05,0,3309280,98188,46880609.9,,46880611.32
3,1.44,0.15,0.04,0,3309280,99226,47045207.4,,47045208.839999996
4,1.4,0.17,0.05,0,3309280,96525,46866598.4,,46866599.8
5,1.58,0.06,0.04,0,3309280,109217,47412882.5,,47412884.08
