,PAR,demand_reduction,cost_reduction,inconvenient,total_demand,max_demand,cost,run_time,objective
0,2.03,0.0,0.0,0,640655,27035,9770110.7,,9770112.729999999
1,1.9,0.06,0.05,0,640655,25300,9243956.1,,9243958.0
2,1.8,0.11,0.07,0,640655,23985,9087984.6,,9087986.4
3,2.12,-0.04,-0.24,0,640655,28236,12134515.7,,12134517.819999998
4,2.01,0.01,0.01,0,640655,26790,9636342.5,,9636344.51
5,2.01,0.01,0.02,0,640655,26806,9567959.8,,9567961.81
