,PAR,demand_reduction,cost_reduction,inconvenient,total_demand,max_demand,cost,run_time,objective
0,1.6,0.0,0.0,0,3188496,106263,49172649.8,,49172651.4
1,1.29,0.2,0.08,0,3188496,85381,45289146.3,,45289147.589999996
2,1.32,0.17,0.08,0,3188496,87690,45462730.2,,45462731.52
3,1.29,0.19,0.08,0,3188496,85575,45266557.7,,45266558.99
4,1.46,0.09,0.07,0,3188496,96678,45669210.2,,45669211.660000004
5,1.38,0.14,0.08,0,3188496,91888,45411573.1,,45411574.480000004
