,PAR,demand_reduction,cost_reduction,inconvenient,total_demand,max_demand,cost,run_time,objective
0,2.68,0.0,0.0,0,120425,6723,1862463.0,,1862465.68
1,2.99,-0.12,-1.41,0,120425,7500,4494117.7,,4494120.69
2,2.7,-0.01,-0.01,0,120425,6762,1874270.3,,1874273.0
3,2.68,0.0,-0.02,0,120425,6723,1898842.6,,1898845.28
4,2.62,0.02,0.02,0,120425,6573,1831014.1,,1831016.7200000002
5,2.43,0.09,0.04,0,120425,6100,1784487.9,,1784490.3299999998
