,no_households,penalty_weight,no_dependent_tasks,algorithm,repeat,init_PAR,PAR,init_max_demand,max_demand,total_demand,demand_reduction,cost_reduction,pricing_time,rescheduling_time
0,5,1,0,minizinc_fw,0,6.0,3.08,18900.0,9709.4,151242.0,0.49,0.13,0.0034000000000000002,1.16
1,5,1,0,ogsa_fw,0,6.0,3.08,18900.0,9699.24,151242.0,0.49,0.13,0.002628571428571429,0.005971428571428572
2,5,1,3,minizinc_fw,0,6.0,3.08,18900.0,9709.4,151242.0,0.49,0.13,0.0033,1.14
3,5,1,3,ogsa_fw,0,6.0,3.08,18900.0,9699.24,151242.0,0.49,0.13,0.002842857142857143,0.006428571428571429
4,5,1,6,minizinc_fw,0,6.0,3.08,18900.0,9709.4,151242.0,0.49,0.13,0.0034799999999999996,1.186
5,5,1,6,ogsa_fw,0,6.0,3.08,18900.0,9699.24,151242.0,0.49,0.13,0.002614285714285715,0.006514285714285715
6,5,1,9,minizinc_fw,0,6.0,3.08,18900.0,9709.4,151242.0,0.49,0.13,0.0033600000000000006,1.238
7,5,1,9,ogsa_fw,0,6.0,3.08,18900.0,9699.24,151242.0,0.49,0.13,0.0026571428571428575,0.006885714285714286
