,PAR,demand_reduction,cost_reduction,inconvenient,total_demand,max_demand,cost,run_time,objective
0,1.77,0.0,0.0,0,614895,22640,9916492.7,,9916494.469999999
1,1.62,0.08,0.08,0,614895,20776,9077509.7,,9077511.319999998
2,2.13,-0.2,-1.58,0,614895,27227,25594504.1,,25594506.23
3,2.29,-0.29,-2.78,0,614895,29317,37499913.2,,37499915.49
4,2.33,-0.32,-2.51,0,614895,29807,34780286.1,,34780288.43
5,2.15,-0.22,-1.42,0,614895,27526,23989069.3,,23989071.45
