,PAR,demand_reduction,cost_reduction,inconvenient,total_demand,max_demand,cost,run_time,objective
0,3.54,0.0,0.0,0,388940.0,28644.0,5913919.2,,5913922.74
1,2.49,0.3,0.08,0,388940.0,20158.0,5460427.4,,5460429.890000001
2,2.62,0.26,0.08,0,388940.0,21231.7,5464516.85,,5464519.47
3,2.62,0.26,0.08,0,388940.0,21266.63,5460240.3,,5460242.92
4,2.77,0.22,0.08,0,388940.0,22426.53,5464207.55,,5464210.319999999
5,2.5,0.29,0.08,0,388940.0,20241.86,5459311.42,,5459313.92
