,PAR,demand_reduction,cost_reduction,inconvenient,total_demand,max_demand,cost,run_time,objective
0,3.31,0.0,0.0,0,58956.0,4062.0,918153.0,,918156.31
1,3.11,0.06,0.02,0,58956.0,3820.22,896102.06,,896105.17
2,3.7,-0.12,-1.55,0,58956.0,4549.88,2337724.99,,2337728.6900000004
3,3.34,-0.01,-0.08,0,58956.0,4105.83,993981.68,,993985.02
4,3.32,-0.0,-0.12,0,58956.0,4072.36,1027524.36,,1027527.6799999999
5,3.34,-0.01,-0.12,0,58956.0,4105.83,1024386.92,,1024390.26
