,PAR,demand_reduction,cost_reduction,inconvenient,total_demand,max_demand,cost,run_time,objective
0,1.69,0.0,0.0,0,3309280.0,116403.0,49256079.7,,49256081.39
1,1.41,0.16,0.05,0,3309280.0,97338.0,46843958.04,,46843959.449999996
2,1.26,0.25,0.05,0,3309280.0,87173.93,46621109.7,,46621110.96
3,1.22,0.28,0.05,0,3309280.0,84218.25,46590226.61,,46590227.83
4,1.26,0.25,0.05,0,3309280.0,87052.6,46571467.67,,46571468.93
5,1.17,0.31,0.05,0,3309280.0,80706.46,46555636.31,,46555637.480000004
