,PAR,demand_reduction,cost_reduction,inconvenient,total_demand,max_demand,cost,run_time,objective
0,13.24,0.0,0.0,0.0,18124.0,5000.0,483386.0,0.0,483399.24
1,7.95,0.4,0.47,32.0,18124.0,3000.0,254126.0,0.0016,254165.95
2,7.15,0.46,0.47,36.8,18124.0,2700.0,253796.0,0.0008,253839.94999999998
3,7.15,0.46,0.47,36.8,18124.0,2700.0,253796.0,0.0005,253839.94999999998
