,PAR,demand_reduction,cost_reduction,inconvenient,total_demand,max_demand,cost,run_time,objective
0,5.33,0.0,0.0,0.0,72939.0,8100.0,1155127.5,0.0,1155132.83
1,3.8,0.29,0.11,23.75,72939.0,5770.47,1024198.78,0.015,1024226.3300000001
2,3.03,0.43,0.12,38.03,72939.0,4610.77,1021373.78,0.0504,1021414.8400000001
3,2.92,0.45,0.12,39.41,72939.0,4432.94,1021241.92,0.0105,1021284.2500000001
4,2.83,0.47,0.12,39.48,72939.0,4305.76,1021164.36,0.0086,1021206.6699999999
5,2.77,0.48,0.12,39.64,72939.0,4202.42,1021146.24,0.0054,1021188.65
6,2.76,0.48,0.12,39.56,72939.0,4194.76,1021146.0,0.0016,1021188.3200000001
7,2.76,0.48,0.12,39.44,72939.0,4197.35,1021146.0,0.0013,1021188.2
8,2.76,0.48,0.12,39.44,72939.0,4197.35,1021146.0,0.0006,1021188.2
