,PAR,demand_reduction,cost_reduction,inconvenient,total_demand,max_demand,cost,run_time,objective
0,5.33,0.0,0.0,0,72939,8100,1155127.5,,1155132.83
1,4.77,0.1,0.08,0,72939,7250,1065836.5,,1065841.27
2,5.4,-0.01,-0.22,0,72939,8200,1411411.9,,1411417.2999999998
3,5.53,-0.04,-0.61,0,72939,8400,1864415.0,,1864420.53
4,4.9,0.08,0.04,0,72939,7450,1110775.7,,1110780.5999999999
5,4.54,0.15,0.1,0,72939,6900,1042356.5,,1042361.04
