,PAR,demand_reduction,cost_reduction,inconvenient,total_demand,max_demand,cost,run_time,objective
0,1.77,0.0,0.0,0,614895.0,22640.0,9916492.7,,9916494.469999999
1,1.81,-0.02,-0.03,0,614895.0,23136.03,10238334.64,,10238336.450000001
2,1.45,0.18,0.12,0,614895.0,18598.0,8690622.4,,8690623.85
3,1.64,0.07,0.11,0,614895.0,20997.48,8858871.27,,8858872.91
4,1.41,0.2,0.12,0,614895.0,18069.62,8700205.24,,8700206.65
5,1.54,0.13,0.12,0,614895.0,19669.56,8765988.8,,8765990.34
