,PAR,demand_reduction,cost_reduction,inconvenient,total_demand,max_demand,cost,run_time,objective
0,3.35,0.0,0.0,0,322844.0,22510.0,4948206.8,,4948210.149999999
1,2.69,0.2,0.08,0,322844.0,18076.12,4541797.09,,4541799.78
2,2.14,0.36,0.09,0,322844.0,14386.14,4522769.68,,4522771.819999999
3,2.53,0.25,0.08,0,322844.0,16990.24,4530689.99,,4530692.5200000005
4,2.06,0.38,0.09,0,322844.0,13881.5,4521748.23,,4521750.29
5,1.99,0.4,0.09,0,322844.0,13400.0,4521391.79,,4521393.78
