,PAR,demand_reduction,cost_reduction,inconvenient,total_demand,max_demand,cost,run_time,objective
0,2.39,0.0,0.0,0,632958,31472,9676490.2,,9676492.59
1,1.72,0.28,0.08,0,632958,22629,8885843.3,,8885845.020000001
2,1.64,0.31,0.08,0,632958,21618,8885474.3,,8885475.940000001
3,2.36,0.01,0.04,0,632958,31104,9315893.8,,9315896.16
4,2.03,0.15,0.07,0,632958,26819,8963870.3,,8963872.33
5,2.09,0.13,0.07,0,632958,27508,8965541.4,,8965543.49
