,PAR,demand_reduction,cost_reduction,inconvenient,total_demand,max_demand,cost,run_time,objective
0,2.68,0.0,0.0,0.0,457800.0,25561.0,6933774.7,0.0,6933777.38
1,2.05,0.24,0.07,45741.0,457800.0,19504.23,6446218.09,0.0643,6491961.14
2,1.85,0.31,0.07,49139.13,457800.0,17668.33,6432321.95,0.0577,6481462.93
3,1.96,0.27,0.07,39848.28,457800.0,18692.54,6437910.26,0.0558,6477760.5
4,2.04,0.24,0.07,15964.47,457800.0,19428.02,6448211.58,0.2492,6464178.09
5,1.98,0.26,0.07,20672.82,457800.0,18851.21,6437798.15,0.0645,6458472.950000001
6,1.91,0.29,0.07,19710.54,457800.0,18254.39,6436968.75,0.0701,6456681.2
7,1.91,0.29,0.07,19037.54,457800.0,18257.11,6437537.23,0.0115,6456576.680000001
8,1.91,0.29,0.07,19037.54,457800.0,18257.11,6437537.23,0.0008,6456576.680000001
