,PAR,demand_reduction,cost_reduction,inconvenient,total_demand,max_demand,cost,run_time,objective
0,3.28,0.0,0.0,0,329648.0,22494.0,4986027.2,,4986030.48
1,2.18,0.34,0.07,0,329648.0,14956.77,4618926.73,,4618928.91
2,2.47,0.25,0.07,0,329648.0,16930.47,4628886.29,,4628888.76
3,2.27,0.31,0.07,0,329648.0,15610.36,4625384.15,,4625386.42
4,2.49,0.24,0.07,0,329648.0,17110.0,4634034.82,,4634037.3100000005
5,2.19,0.33,0.07,0,329648.0,15069.87,4622424.2,,4622426.390000001
