,PAR,demand_reduction,cost_reduction,inconvenient,total_demand,max_demand,cost,run_time,objective
0,3.28,0.0,0.0,0.0,329648.0,22494.0,4986027.2,0.0,4986030.48
1,2.28,0.3,0.07,840.76,329648.0,15666.51,4621305.45,0.0128,4622148.49
2,2.01,0.39,0.07,859.49,329648.0,13826.05,4617195.52,0.0085,4618057.02
3,1.82,0.44,0.07,908.48,329648.0,12531.06,4615638.42,0.0121,4616548.720000001
4,1.75,0.47,0.07,1010.4,329648.0,11987.93,4615296.23,0.0115,4616308.380000001
5,1.71,0.48,0.07,1024.8,329648.0,11732.66,4615134.18,0.0076,4616160.6899999995
6,1.71,0.48,0.07,1024.13,329648.0,11725.97,4615131.5,0.0007,4616157.34
7,1.71,0.48,0.07,1024.13,329648.0,11725.97,4615131.5,0.0006,4616157.34
