,PAR,demand_reduction,cost_reduction,inconvenient,total_demand,max_demand,cost,run_time,objective
0,3.54,0.0,0.0,0,388940,28644,5913919.2,,5913922.74
1,2.62,0.26,0.08,0,388940,21265,5459077.0,,5459079.62
2,3.3,0.07,0.05,0,388940,26729,5621396.6,,5621399.899999999
3,2.57,0.27,0.08,0,388940,20794,5456018.4,,5456020.970000001
4,2.7,0.24,0.08,0,388940,21885,5462369.7,,5462372.4
5,2.35,0.33,0.08,0,388940,19057,5451048.0,,5451050.35
