,PAR,demand_reduction,cost_reduction,inconvenient,total_demand,max_demand,cost,run_time,step_size,objective
0,3.28,0.0,0.0,0,699109,47789,10570366.6,,,10570369.879999999
1,1.98,0.4,0.07,0,699109,28899,9789127.8,,,9789129.780000001
2,2.1,0.36,0.07,0,699109,30542,9791551.2,,,9791553.299999999
3,1.91,0.42,0.07,0,699109,27752,9788935.5,,,9788937.41
4,2.61,0.21,0.07,0,699109,37976,9824601.9,,,9824604.51
5,3.01,0.08,0.05,0,699109,43818,10017804.4,,,10017807.41
