,PAR,demand_reduction,cost_reduction,inconvenient,total_demand,max_demand,cost,run_time,objective
0,8.24,0.0,0.0,0.0,67534.0,11600.0,1130406.0,0.0,1130414.24
1,4.5,0.45,0.16,24.55,67534.0,6327.22,945564.18,0.0095,945593.2300000001
2,4.27,0.48,0.16,25.95,67534.0,6004.53,945476.45,0.0109,945506.6699999999
3,4.27,0.48,0.16,25.95,67534.0,6004.53,945476.45,0.0007,945506.6699999999
