,PAR,demand_reduction,cost_reduction,inconvenient,total_demand,max_demand,cost,run_time,objective
0,2.06,0.0,0.0,0.0,3261238.0,139825.0,48430192.6,0.0,48430192.6
1,1.67,0.19,0.05,3833.5,3261238.0,113212.69,46009926.92,0.055,46013760.42
2,1.45,0.3,0.05,5968.08,3261238.0,98195.18,45803854.12,0.0334,45809822.199999996
3,1.49,0.27,0.05,6267.73,3261238.0,101468.29,45799576.94,0.0046,45805844.669999994
4,1.54,0.25,0.05,6715.42,3261238.0,104637.39,45790059.11,0.0068,45796774.53
5,1.54,0.25,0.05,6715.42,3261238.0,104637.39,45790059.11,0.0005,45796774.53
