,PAR,demand_reduction,cost_reduction,inconvenient,total_demand,max_demand,cost,run_time,objective
0,1.97,0.0,0.0,0,609135.0,25026.0,10164971.4,,10164973.370000001
1,1.38,0.3,0.16,0,609135.0,17575.59,8547926.75,,8547928.13
2,1.56,0.21,0.16,0,609135.0,19822.58,8569429.47,,8569431.030000001
3,1.24,0.37,0.16,0,609135.0,15797.93,8536365.0,,8536366.24
4,1.46,0.26,0.16,0,609135.0,18527.38,8554445.22,,8554446.680000002
5,1.36,0.31,0.16,0,609135.0,17302.24,8547902.31,,8547903.67
