,PAR,demand_reduction,cost_reduction,inconvenient,total_demand,max_demand,cost,run_time,objective
0,3.54,0.0,0.0,0,388940.0,28644.0,5913919.2,,5913922.74
1,2.7,0.24,0.08,0,388940.0,21901.81,5465985.98,,5465988.680000001
2,2.32,0.34,0.08,0,388940.0,18800.73,5450515.96,,5450518.28
3,2.6,0.27,0.08,0,388940.0,21045.18,5458583.22,,5458585.819999999
4,2.23,0.37,0.08,0,388940.0,18086.05,5448259.35,,5448261.58
5,2.6,0.26,0.08,0,388940.0,21058.0,5459245.88,,5459248.4799999995
