,no_households,penalty_weight,no_dependent_tasks,algorithm,repeat,init_PAR,PAR,init_max_demand,max_demand,total_demand,demand_reduction,cost_reduction,pricing_time,rescheduling_time
0,50,10,3,minizinc_fw,0,2.23,1.15,79402.0,41109.28,1712284.0,0.48,0.09,0.004053846153846154,12.853846153846153
1,50,10,3,ogsa_fw,0,2.23,1.16,79402.0,41287.94,1712284.0,0.48,0.09,0.0036812500000000005,0.053256250000000005
2,500,10,3,minizinc_fw,0,1.31,1.05,440645.0,352886.37,16168346.0,0.2,0.12,0.006388888888888889,113.7385185185185
3,500,10,3,ogsa_fw,0,1.31,1.05,440645.0,354539.86,16168346.0,0.2,0.12,0.006211111111111112,0.6001481481481482
