,PAR,demand_reduction,cost_reduction,inconvenient,total_demand,max_demand,cost,run_time,objective
0,3.54,0.0,0.0,0,388940,28644,5913919.2,,5913922.74
1,2.05,0.42,0.08,0,388940,16590,5446082.1,,5446084.149999999
2,2.95,0.17,0.07,0,388940,23874,5483800.2,,5483803.15
3,2.14,0.4,0.08,0,388940,17324,5447179.4,,5447181.54
4,3.38,0.04,0.04,0,388940,27394,5689408.5,,5689411.88
5,2.69,0.24,0.08,0,388940,21794,5461531.9,,5461534.590000001
