,PAR,demand_reduction,cost_reduction,inconvenient,total_demand,max_demand,cost,run_time,objective
0,2.77,0.0,0.0,0,310183.0,17904.0,4985241.2,,4985243.97
1,2.04,0.27,0.13,0,310183.0,13152.3,4353395.72,,4353397.76
2,1.82,0.34,0.13,0,310183.0,11771.8,4348562.31,,4348564.13
3,1.81,0.35,0.13,0,310183.0,11676.12,4348618.3,,4348620.109999999
4,1.8,0.35,0.13,0,310183.0,11662.05,4348078.41,,4348080.21
5,2.2,0.2,0.12,0,310183.0,14244.88,4368927.11,,4368929.3100000005
