,PAR,demand_reduction,cost_reduction,inconvenient,total_demand,max_demand,cost,run_time,objective
0,5.37,0.0,0.0,0,65233,7300,1027831.2,,1027836.57
1,4.41,0.18,0.1,0,65233,6000,923060.4,,923064.81
2,4.41,0.18,0.1,0,65233,6000,922022.8,,922027.2100000001
3,3.68,0.32,0.11,0,65233,5000,915352.8,,915356.4800000001
4,5.37,0.0,0.0,0,65233,7300,1025842.0,,1025847.37
5,5.37,0.0,0.0,0,65233,7300,1025842.0,,1025847.37
