,no_households,penalty_weight,no_dependent_tasks,algorithm,repeat,init_PAR,PAR,init_max_demand,max_demand,total_demand,demand_reduction,cost_reduction,pricing_time,rescheduling_time
0,50,1,3,minizinc_fw,0,3.3,1.71,79185.0,41077.54,1150691.0,0.48,0.08,0.00262,20.684
1,50,1,3,ogsa_fw,0,3.3,1.71,79185.0,41077.54,1150691.0,0.48,0.08,0.0030600000000000002,0.05364
2,100,1,3,minizinc_fw,0,2.03,1.06,81746.0,42501.16,1933075.0,0.48,0.13,0.006260869565217392,35.66478260869565
3,100,1,3,ogsa_fw,0,2.03,1.07,81746.0,43076.68,1933075.0,0.47,0.13,0.006311111111111111,0.11928888888888889
