,PAR,demand_reduction,cost_reduction,inconvenient,total_demand,max_demand,cost,run_time,objective
0,5.24,0.0,0.0,0.0,57753.0,6300.0,999936.5,0.0,999941.74
1,3.89,0.26,0.19,24.12,57753.0,4686.14,812670.6,0.0111,812698.61
2,2.75,0.47,0.19,39.07,57753.0,3309.56,808543.91,0.0178,808585.73
3,2.74,0.48,0.19,38.07,57753.0,3290.74,808542.0,0.0049,808582.8099999999
4,2.74,0.48,0.19,38.07,57753.0,3290.74,808542.0,0.0006,808582.8099999999
