,PAR,demand_reduction,cost_reduction,inconvenient,total_demand,max_demand,cost,run_time,objective
0,1.16,0.0,0.0,0.0,163055109.0,3941842.0,3163825264.5,0.0,3163825264.5
1,1.15,0.01,0.04,179027.29,163055109.0,3890904.39,3046487438.02,0.2345,3046666465.31
2,1.13,0.02,0.06,300133.16,163055109.0,3852169.97,2971583704.93,0.0224,2971883838.0899997
3,1.12,0.03,0.08,460836.25,163055109.0,3810007.34,2904595531.99,0.024,2905056368.24
4,1.11,0.04,0.1,538977.62,163055109.0,3775854.11,2862917759.41,0.0216,2863456737.0299997
5,1.11,0.05,0.1,591095.18,163055109.0,3757012.56,2851899746.48,0.0175,2852490841.66
6,1.11,0.05,0.1,628657.25,163055109.0,3757790.53,2846110879.3,0.0166,2846739536.55
7,1.11,0.05,0.1,639899.92,163055109.0,3754032.91,2845484220.8,0.0159,2846124120.7200003
8,1.11,0.05,0.1,639899.92,163055109.0,3754032.91,2845484220.8,0.013,2846124120.7200003
