,PAR,demand_reduction,cost_reduction,inconvenient,total_demand,max_demand,cost,run_time,objective
0,5.24,0.0,0.0,0,57753.0,6300.0,999936.5,,999941.74
1,5.02,0.04,0.14,0,57753.0,6045.0,861059.0,,861064.02
2,5.02,0.04,0.14,0,57753.0,6045.0,861249.8,,861254.8200000001
3,3.3,0.37,0.19,0,57753.0,3972.38,809117.81,,809121.1100000001
4,5.71,-0.09,-1.2,0,57753.0,6865.31,2202600.38,,2202606.09
5,5.02,0.04,0.14,0,57753.0,6045.0,860758.06,,860763.0800000001
