,PAR,demand_reduction,cost_reduction,inconvenient,total_demand,max_demand,cost,run_time,objective
0,5.24,0.0,0.0,0.0,57753.0,6300.0,999936.5,0.0,999941.74
1,2.95,0.44,0.19,35.29,57753.0,3544.87,808643.68,0.0145,808681.92
2,2.99,0.43,0.19,35.02,57753.0,3592.48,808610.96,0.0031,808648.97
3,2.91,0.44,0.19,34.05,57753.0,3503.08,808582.92,0.0051,808619.8800000001
4,2.91,0.44,0.19,34.05,57753.0,3503.08,808582.92,0.0006,808619.8800000001
