,PAR,demand_reduction,cost_reduction,inconvenient,total_demand,max_demand,cost,run_time,objective
0,3.54,0.0,0.0,0,388940,28644,5913919.2,,5913922.74
1,3.16,0.11,0.06,0,388940,25629,5543179.5,,5543182.66
2,2.56,0.27,0.08,0,388940,20779,5453744.3,,5453746.859999999
3,2.51,0.29,0.08,0,388940,20320,5453992.6,,5453995.109999999
4,3.15,0.11,0.06,0,388940,25490,5536173.0,,5536176.15
5,2.12,0.4,0.08,0,388940,17165,5446945.6,,5446947.72
