,PAR,demand_reduction,cost_reduction,inconvenient,total_demand,max_demand,cost,run_time,objective
0,2.51,0.0,0.0,0,671492.0,35101.0,10430833.1,,10430835.61
1,2.12,0.16,0.09,0,671492.0,29597.42,9480634.85,,9480636.969999999
2,1.96,0.22,0.1,0,671492.0,27378.05,9438668.95,,9438670.91
3,1.69,0.32,0.1,0,671492.0,23705.96,9419863.68,,9419865.37
4,1.9,0.24,0.09,0,671492.0,26614.6,9441670.63,,9441672.530000001
5,1.64,0.35,0.1,0,671492.0,22942.0,9413994.83,,9413996.47
