,PAR,demand_reduction,cost_reduction,inconvenient,total_demand,max_demand,cost,run_time,objective
0,2.03,0.0,0.0,0,640655.0,27035.0,9770110.7,,9770112.729999999
1,1.87,0.08,0.06,0,640655.0,25000.13,9186452.33,,9186454.2
2,1.77,0.12,0.07,0,640655.0,23669.9,9122184.6,,9122186.37
3,2.01,0.01,0.04,0,640655.0,26847.97,9423503.89,,9423505.9
4,1.71,0.16,0.07,0,640655.0,22840.0,9086544.74,,9086546.450000001
5,1.57,0.23,0.07,0,640655.0,20944.1,9045455.87,,9045457.44
